6.8000000000E+2,-2.0752396095E+0,-1.1389679739E+6,-2.0250850575E+1,-2.8087396677E+0,-1.5576163960E+6,-2.7694419521E+1
6.8007000000E+2,-2.0751328151E+0,-1.1389095128E+6,-2.0249811138E+1,-2.8085883014E+0,-1.5575324739E+6,-2.7692927386E+1
6.8014000000E+2,-2.0750260372E+0,-1.1388510607E+6,-2.0248771860E+1,-2.8084369585E+0,-1.5574485648E+6,-2.7691435482E+1
6.8021000000E+2,-2.0749192758E+0,-1.1387926177E+6,-2.0247732742E+1,-2.8082856390E+0,-1.5573646686E+6,-2.7689943808E+1
6.8028000000E+2,-2.0748125309E+0,-1.1387341836E+6,-2.0246693785E+1,-2.8081343428E+0,-1.5572807854E+6,-2.7688452364E+1
6.8035000000E+2,-2.0747058024E+0,-1.1386757586E+6,-2.0245654987E+1,-2.8079830700E+0,-1.5571969151E+6,-2.7686961150E+1
6.8042000000E+2,-2.0745990904E+0,-1.1386173425E+6,-2.0244616350E+1,-2.8078318205E+0,-1.5571130577E+6,-2.7685470167E+1
6.8049000000E+2,-2.0744923949E+0,-1.1385589354E+6,-2.0243577872E+1,-2.8076805944E+0,-1.5570292133E+6,-2.7683979413E+1
6.8056000000E+2,-2.0743857158E+0,-1.1385005374E+6,-2.0242539554E+1,-2.8075293916E+0,-1.5569453818E+6,-2.7682488889E+1
6.8063000000E+2,-2.0742790532E+0,-1.1384421483E+6,-2.0241501396E+1,-2.8073782121E+0,-1.5568615633E+6,-2.7680998595E+1
6.8070000000E+2,-2.0741724071E+0,-1.1383837682E+6,-2.0240463398E+1,-2.8072270560E+0,-1.5567777576E+6,-2.7679508531E+1
6.8077000000E+2,-2.0740657773E+0,-1.1383253971E+6,-2.0239425560E+1,-2.8070759232E+0,-1.5566939649E+6,-2.7678018697E+1
6.8084000000E+2,-2.0739591641E+0,-1.1382670350E+6,-2.0238387881E+1,-2.8069248137E+0,-1.5566101851E+6,-2.7676529092E+1
6.8091000000E+2,-2.0738525673E+0,-1.1382086818E+6,-2.0237350363E+1,-2.8067737274E+0,-1.5565264183E+6,-2.7675039717E+1
6.8098000000E+2,-2.0737459869E+0,-1.1381503376E+6,-2.0236313003E+1,-2.8066226645E+0,-1.5564426643E+6,-2.7673550571E+1
6.8105000000E+2,-2.0736394229E+0,-1.1380920025E+6,-2.0235275804E+1,-2.8064716249E+0,-1.5563589232E+6,-2.7672061655E+1
6.8112000000E+2,-2.0735328754E+0,-1.1380336762E+6,-2.0234238764E+1,-2.8063206086E+0,-1.5562751951E+6,-2.7670572969E+1
6.8119000000E+2,-2.0734263442E+0,-1.1379753590E+6,-2.0233201883E+1,-2.8061696155E+0,-1.5561914798E+6,-2.7669084512E+1
6.8126000000E+2,-2.0733198296E+0,-1.1379170507E+6,-2.0232165162E+1,-2.8060186458E+0,-1.5561077775E+6,-2.7667596284E+1
6.8133000000E+2,-2.0732133313E+0,-1.1378587514E+6,-2.0231128601E+1,-2.8058676993E+0,-1.5560240880E+6,-2.7666108285E+1
6.8140000000E+2,-2.0731068494E+0,-1.1378004611E+6,-2.0230092198E+1,-2.8057167760E+0,-1.5559404115E+6,-2.7664620516E+1
6.8147000000E+2,-2.0730003839E+0,-1.1377421797E+6,-2.0229055955E+1,-2.8055658760E+0,-1.5558567478E+6,-2.7663132976E+1
6.8154000000E+2,-2.0728939349E+0,-1.1376839073E+6,-2.0228019872E+1,-2.8054149993E+0,-1.5557730970E+6,-2.7661645665E+1
6.8161000000E+2,-2.0727875022E+0,-1.1376256439E+6,-2.0226983948E+1,-2.8052641458E+0,-1.5556894591E+6,-2.7660158583E+1
6.8168000000E+2,-2.0726810859E+0,-1.1375673894E+6,-2.0225948183E+1,-2.8051133156E+0,-1.5556058341E+6,-2.7658671730E+1
6.8175000000E+2,-2.0725746860E+0,-1.1375091438E+6,-2.0224912577E+1,-2.8049625086E+0,-1.5555222219E+6,-2.7657185106E+1
6.8182000000E+2,-2.0724683025E+0,-1.1374509072E+6,-2.0223877130E+1,-2.8048117248E+0,-1.5554386227E+6,-2.7655698711E+1
6.8189000000E+2,-2.0723619354E+0,-1.1373926796E+6,-2.0222841843E+1,-2.8046609642E+0,-1.5553550362E+6,-2.7654212544E+1
6.8196000000E+2,-2.0722555846E+0,-1.1373344609E+6,-2.0221806714E+1,-2.8045102269E+0,-1.5552714627E+6,-2.7652726607E+1
6.8203000000E+2,-2.0721492503E+0,-1.1372762511E+6,-2.0220771745E+1,-2.8043595127E+0,-1.5551879020E+6,-2.7651240898E+1
6.8210000000E+2,-2.0720429323E+0,-1.1372180503E+6,-2.0219736934E+1,-2.8042088218E+0,-1.5551043542E+6,-2.7649755417E+1
6.8217000000E+2,-2.0719366306E+0,-1.1371598584E+6,-2.0218702283E+1,-2.8040581540E+0,-1.5550208192E+6,-2.7648270166E+1
6.8224000000E+2,-2.0718303453E+0,-1.1371016755E+6,-2.0217667790E+1,-2.8039075095E+0,-1.5549372971E+6,-2.7646785143E+1
6.8231000000E+2,-2.0717240764E+0,-1.1370435015E+6,-2.0216633457E+1,-2.8037568881E+0,-1.5548537878E+6,-2.7645300348E+1
6.8238000000E+2,-2.0716178238E+0,-1.1369853364E+6,-2.0215599282E+1,-2.8036062899E+0,-1.5547702914E+6,-2.7643815781E+1
6.8245000000E+2,-2.0715115876E+0,-1.1369271803E+6,-2.0214565266E+1,-2.8034557149E+0,-1.5546868078E+6,-2.7642331443E+1
6.8252000000E+2,-2.0714053677E+0,-1.1368690331E+6,-2.0213531409E+1,-2.8033051631E+0,-1.5546033371E+6,-2.7640847334E+1
6.8259000000E+2,-2.0712991641E+0,-1.1368108948E+6,-2.0212497710E+1,-2.8031546344E+0,-1.5545198792E+6,-2.7639363452E+1
6.8266000000E+2,-2.0711929769E+0,-1.1367527655E+6,-2.0211464170E+1,-2.8030041289E+0,-1.5544364341E+6,-2.7637879799E+1
6.8273000000E+2,-2.0710868060E+0,-1.1366946450E+6,-2.0210430789E+1,-2.8028536465E+0,-1.5543530019E+6,-2.7636396374E+1
6.8280000000E+2,-2.0709806515E+0,-1.1366365335E+6,-2.0209397566E+1,-2.8027031873E+0,-1.5542695825E+6,-2.7634913176E+1
6.8287000000E+2,-2.0708745132E+0,-1.1365784309E+6,-2.0208364502E+1,-2.8025527512E+0,-1.5541861759E+6,-2.7633430207E+1
6.8294000000E+2,-2.0707683913E+0,-1.1365203372E+6,-2.0207331596E+1,-2.8024023382E+0,-1.5541027821E+6,-2.7631947466E+1
6.8301000000E+2,-2.0706622857E+0,-1.1364622525E+6,-2.0206298849E+1,-2.8022519484E+0,-1.5540194012E+6,-2.7630464953E+1
6.8308000000E+2,-2.0705561964E+0,-1.1364041766E+6,-2.0205266260E+1,-2.8021015817E+0,-1.5539360330E+6,-2.7628982667E+1
6.8315000000E+2,-2.0704501234E+0,-1.1363461097E+6,-2.0204233830E+1,-2.8019512381E+0,-1.5538526777E+6,-2.7627500609E+1
6.8322000000E+2,-2.0703440667E+0,-1.1362880516E+6,-2.0203201558E+1,-2.8018009176E+0,-1.5537693352E+6,-2.7626018779E+1
6.8329000000E+2,-2.0702380263E+0,-1.1362300025E+6,-2.0202169444E+1,-2.8016506202E+0,-1.5536860054E+6,-2.7624537177E+1
6.8336000000E+2,-2.0701320021E+0,-1.1361719622E+6,-2.0201137489E+1,-2.8015003459E+0,-1.5536026885E+6,-2.7623055802E+1
6.8343000000E+2,-2.0700259943E+0,-1.1361139309E+6,-2.0200105691E+1,-2.8013500947E+0,-1.5535193844E+6,-2.7621574654E+1
6.8350000000E+2,-2.0699200028E+0,-1.1360559085E+6,-2.0199074052E+1,-2.8011998666E+0,-1.5534360930E+6,-2.7620093734E+1
6.8357000000E+2,-2.0698140275E+0,-1.1359978949E+6,-2.0198042571E+1,-2.8010496616E+0,-1.5533528145E+6,-2.7618613042E+1
6.8364000000E+2,-2.0697080685E+0,-1.1359398902E+6,-2.0197011249E+1,-2.8008994796E+0,-1.5532695487E+6,-2.7617132577E+1
6.8371000000E+2,-2.0696021258E+0,-1.1358818945E+6,-2.0195980084E+1,-2.8007493207E+0,-1.5531862958E+6,-2.7615652339E+1
6.8378000000E+2,-2.0694961994E+0,-1.1358239076E+6,-2.0194949077E+1,-2.8005991849E+0,-1.5531030556E+6,-2.7614172328E+1
6.8385000000E+2,-2.0693902892E+0,-1.1357659296E+6,-2.0193918228E+1,-2.8004490721E+0,-1.5530198282E+6,-2.7612692545E+1
6.8392000000E+2,-2.0692843953E+0,-1.1357079605E+6,-2.0192887538E+1,-2.8002989824E+0,-1.5529366135E+6,-2.7611212988E+1
6.8399000000E+2,-2.0691785176E+0,-1.1356500003E+6,-2.0191857005E+1,-2.8001489157E+0,-1.5528534116E+6,-2.7609733659E+1
6.8406000000E+2,-2.0690726562E+0,-1.1355920489E+6,-2.0190826630E+1,-2.7999988720E+0,-1.5527702225E+6,-2.7608254557E+1
6.8413000000E+2,-2.0689668110E+0,-1.1355341064E+6,-2.0189796412E+1,-2.7998488514E+0,-1.5526870462E+6,-2.7606775681E+1
6.8420000000E+2,-2.0688609821E+0,-1.1354761728E+6,-2.0188766353E+1,-2.7996988538E+0,-1.5526038826E+6,-2.7605297033E+1
6.8427000000E+2,-2.0687551694E+0,-1.1354182481E+6,-2.0187736451E+1,-2.7995488792E+0,-1.5525207318E+6,-2.7603818611E+1
6.8434000000E+2,-2.0686493729E+0,-1.1353603322E+6,-2.0186706707E+1,-2.7993989277E+0,-1.5524375937E+6,-2.7602340416E+1
6.8441000000E+2,-2.0685435927E+0,-1.1353024252E+6,-2.0185677121E+1,-2.7992489991E+0,-1.5523544684E+6,-2.7600862448E+1
6.8448000000E+2,-2.0684378287E+0,-1.1352445271E+6,-2.0184647692E+1,-2.7990990936E+0,-1.5522713558E+6,-2.7599384707E+1
6.8455000000E+2,-2.0683320809E+0,-1.1351866378E+6,-2.0183618421E+1,-2.7989492110E+0,-1.5521882560E+6,-2.7597907192E+1
6.8462000000E+2,-2.0682263493E+0,-1.1351287574E+6,-2.0182589307E+1,-2.7987993515E+0,-1.5521051689E+6,-2.7596429904E+1
6.8469000000E+2,-2.0681206340E+0,-1.1350708859E+6,-2.0181560351E+1,-2.7986495149E+0,-1.5520220946E+6,-2.7594952842E+1
6.8476000000E+2,-2.0680149348E+0,-1.1350130232E+6,-2.0180531553E+1,-2.7984997013E+0,-1.5519390330E+6,-2.7593476006E+1
6.8483000000E+2,-2.0679092519E+0,-1.1349551694E+6,-2.0179502911E+1,-2.7983499107E+0,-1.5518559841E+6,-2.7591999397E+1
6.8490000000E+2,-2.0678035852E+0,-1.1348973244E+6,-2.0178474427E+1,-2.7982001430E+0,-1.5517729479E+6,-2.7590523014E+1
6.8497000000E+2,-2.0676979346E+0,-1.1348394882E+6,-2.0177446101E+1,-2.7980503983E+0,-1.5516899245E+6,-2.7589046858E+1
6.8504000000E+2,-2.0675923003E+0,-1.1347816609E+6,-2.0176417932E+1,-2.7979006766E+0,-1.5516069138E+6,-2.7587570927E+1
6.8511000000E+2,-2.0674866821E+0,-1.1347238425E+6,-2.0175389920E+1,-2.7977509778E+0,-1.5515239158E+6,-2.7586095223E+1
6.8518000000E+2,-2.0673810801E+0,-1.1346660329E+6,-2.0174362065E+1,-2.7976013019E+0,-1.5514409305E+6,-2.7584619745E+1
6.8525000000E+2,-2.0672754943E+0,-1.1346082321E+6,-2.0173334367E+1,-2.7974516490E+0,-1.5513579580E+6,-2.7583144493E+1
6.8532000000E+2,-2.0671699247E+0,-1.1345504402E+6,-2.0172306827E+1,-2.7973020191E+0,-1.5512749981E+6,-2.7581669467E+1
6.8539000000E+2,-2.0670643713E+0,-1.1344926571E+6,-2.0171279443E+1,-2.7971524120E+0,-1.5511920510E+6,-2.7580194666E+1
6.8546000000E+2,-2.0669588340E+0,-1.1344348829E+6,-2.0170252217E+1,-2.7970028279E+0,-1.5511091165E+6,-2.7578720092E+1
6.8553000000E+2,-2.0668533129E+0,-1.1343771174E+6,-2.0169225148E+1,-2.7968532667E+0,-1.5510261948E+6,-2.7577245743E+1
6.8560000000E+2,-2.0667478079E+0,-1.1343193608E+6,-2.0168198236E+1,-2.7967037283E+0,-1.5509432857E+6,-2.7575771620E+1
6.8567000000E+2,-2.0666423191E+0,-1.1342616131E+6,-2.0167171480E+1,-2.7965542129E+0,-1.5508603894E+6,-2.7574297723E+1
6.8574000000E+2,-2.0665368464E+0,-1.1342038741E+6,-2.0166144882E+1,-2.7964047204E+0,-1.5507775057E+6,-2.7572824051E+1
6.8581000000E+2,-2.0664313899E+0,-1.1341461440E+6,-2.0165118440E+1,-2.7962552508E+0,-1.5506946347E+6,-2.7571350605E+1
6.8588000000E+2,-2.0663259496E+0,-1.1340884227E+6,-2.0164092155E+1,-2.7961058041E+0,-1.5506117764E+6,-2.7569877385E+1
6.8595000000E+2,-2.0662205253E+0,-1.1340307102E+6,-2.0163066027E+1,-2.7959563802E+0,-1.5505289308E+6,-2.7568404390E+1
6.8602000000E+2,-2.0661151173E+0,-1.1339730065E+6,-2.0162040056E+1,-2.7958069792E+0,-1.5504460978E+6,-2.7566931620E+1
6.8609000000E+2,-2.0660097253E+0,-1.1339153117E+6,-2.0161014241E+1,-2.7956576011E+0,-1.5503632776E+6,-2.7565459075E+1
6.8616000000E+2,-2.0659043495E+0,-1.1338576256E+6,-2.0159988583E+1,-2.7955082459E+0,-1.5502804700E+6,-2.7563986756E+1
6.8623000000E+2,-2.0657989897E+0,-1.1337999484E+6,-2.0158963082E+1,-2.7953589135E+0,-1.5501976750E+6,-2.7562514662E+1
6.8630000000E+2,-2.0656936462E+0,-1.1337422799E+6,-2.0157937737E+1,-2.7952096039E+0,-1.5501148928E+6,-2.7561042793E+1
6.8637000000E+2,-2.0655883187E+0,-1.1336846203E+6,-2.0156912549E+1,-2.7950603172E+0,-1.5500321231E+6,-2.7559571150E+1
6.8644000000E+2,-2.0654830073E+0,-1.1336269695E+6,-2.0155887518E+1,-2.7949110534E+0,-1.5499493662E+6,-2.7558099731E+1
6.8651000000E+2,-2.0653777120E+0,-1.1335693275E+6,-2.0154862642E+1,-2.7947618123E+0,-1.5498666219E+6,-2.7556628537E+1
6.8658000000E+2,-2.0652724329E+0,-1.1335116942E+6,-2.0153837923E+1,-2.7946125941E+0,-1.5497838902E+6,-2.7555157568E+1
6.8665000000E+2,-2.0651671698E+0,-1.1334540698E+6,-2.0152813361E+1,-2.7944633987E+0,-1.5497011712E+6,-2.7553686825E+1
6.8672000000E+2,-2.0650619229E+0,-1.1333964542E+6,-2.0151788955E+1,-2.7943142262E+0,-1.5496184649E+6,-2.7552216305E+1
6.8679000000E+2,-2.0649566920E+0,-1.1333388473E+6,-2.0150764705E+1,-2.7941650764E+0,-1.5495357712E+6,-2.7550746011E+1
6.8686000000E+2,-2.0648514772E+0,-1.1332812492E+6,-2.0149740611E+1,-2.7940159495E+0,-1.5494530901E+6,-2.7549275941E+1
6.8693000000E+2,-2.0647462785E+0,-1.1332236600E+6,-2.0148716674E+1,-2.7938668453E+0,-1.5493704216E+6,-2.7547806096E+1
6.8700000000E+2,-2.0646410958E+0,-1.1331660795E+6,-2.0147692893E+1,-2.7937177639E+0,-1.5492877658E+6,-2.7546336476E+1
6.8707000000E+2,-2.0645359293E+0,-1.1331085078E+6,-2.0146669268E+1,-2.7935687053E+0,-1.5492051226E+6,-2.7544867080E+1
6.8714000000E+2,-2.0644307788E+0,-1.1330509448E+6,-2.0145645799E+1,-2.7934196695E+0,-1.5491224920E+6,-2.7543397909E+1
6.8721000000E+2,-2.0643256443E+0,-1.1329933907E+6,-2.0144622486E+1,-2.7932706565E+0,-1.5490398741E+6,-2.7541928962E+1
6.8728000000E+2,-2.0642205260E+0,-1.1329358453E+6,-2.0143599329E+1,-2.7931216663E+0,-1.5489572688E+6,-2.7540460239E+1
6.8735000000E+2,-2.0641154237E+0,-1.1328783087E+6,-2.0142576329E+1,-2.7929726988E+0,-1.5488746761E+6,-2.7538991740E+1
6.8742000000E+2,-2.0640103374E+0,-1.1328207809E+6,-2.0141553484E+1,-2.7928237540E+0,-1.5487920960E+6,-2.7537523466E+1
6.8749000000E+2,-2.0639052672E+0,-1.1327632618E+6,-2.0140530795E+1,-2.7926748320E+0,-1.5487095285E+6,-2.7536055416E+1
6.8756000000E+2,-2.0638002130E+0,-1.1327057515E+6,-2.0139508261E+1,-2.7925259328E+0,-1.5486269736E+6,-2.7534587590E+1
6.8763000000E+2,-2.0636951749E+0,-1.1326482499E+6,-2.0138485884E+1,-2.7923770563E+0,-1.5485444313E+6,-2.7533119989E+1
6.8770000000E+2,-2.0635901528E+0,-1.1325907572E+6,-2.0137463663E+1,-2.7922282025E+0,-1.5484619016E+6,-2.7531652611E+1
6.8777000000E+2,-2.0634851467E+0,-1.1325332732E+6,-2.0136441597E+1,-2.7920793715E+0,-1.5483793845E+6,-2.7530185457E+1
6.8784000000E+2,-2.0633801567E+0,-1.1324757979E+6,-2.0135419687E+1,-2.7919305632E+0,-1.5482968800E+6,-2.7528718527E+1
6.8791000000E+2,-2.0632751827E+0,-1.1324183314E+6,-2.0134397932E+1,-2.7917817776E+0,-1.5482143881E+6,-2.7527251821E+1
6.8798000000E+2,-2.0631702247E+0,-1.1323608736E+6,-2.0133376333E+1,-2.7916330147E+0,-1.5481319088E+6,-2.7525785339E+1
6.8805000000E+2,-2.0630652828E+0,-1.1323034246E+6,-2.0132354890E+1,-2.7914842745E+0,-1.5480494421E+6,-2.7524319080E+1
6.8812000000E+2,-2.0629603568E+0,-1.1322459844E+6,-2.0131333602E+1,-2.7913355570E+0,-1.5479669879E+6,-2.7522853045E+1
6.8819000000E+2,-2.0628554469E+0,-1.1321885529E+6,-2.0130312470E+1,-2.7911868622E+0,-1.5478845463E+6,-2.7521387234E+1
6.8826000000E+2,-2.0627505529E+0,-1.1321311301E+6,-2.0129291494E+1,-2.7910381901E+0,-1.5478021173E+6,-2.7519921646E+1
6.8833000000E+2,-2.0626456750E+0,-1.1320737161E+6,-2.0128270672E+1,-2.7908895407E+0,-1.5477197009E+6,-2.7518456282E+1
6.8840000000E+2,-2.0625408130E+0,-1.1320163108E+6,-2.0127250006E+1,-2.7907409140E+0,-1.5476372970E+6,-2.7516991141E+1
6.8847000000E+2,-2.0624359670E+0,-1.1319589143E+6,-2.0126229496E+1,-2.7905923099E+0,-1.5475549057E+6,-2.7515526224E+1
6.8854000000E+2,-2.0623311371E+0,-1.1319015265E+6,-2.0125209141E+1,-2.7904437285E+0,-1.5474725270E+6,-2.7514061530E+1
6.8861000000E+2,-2.0622263231E+0,-1.1318441474E+6,-2.0124188941E+1,-2.7902951697E+0,-1.5473901608E+6,-2.7512597059E+1
6.8868000000E+2,-2.0621215251E+0,-1.1317867770E+6,-2.0123168896E+1,-2.7901466336E+0,-1.5473078071E+6,-2.7511132811E+1
6.8875000000E+2,-2.0620167430E+0,-1.1317294154E+6,-2.0122149006E+1,-2.7899981202E+0,-1.5472254661E+6,-2.7509668787E+1
6.8882000000E+2,-2.0619119770E+0,-1.1316720625E+6,-2.0121129272E+1,-2.7898496294E+0,-1.5471431375E+6,-2.7508204985E+1
6.8889000000E+2,-2.0618072269E+0,-1.1316147184E+6,-2.0120109693E+1,-2.7897011612E+0,-1.5470608215E+6,-2.7506741407E+1
6.8896000000E+2,-2.0617024927E+0,-1.1315573829E+6,-2.0119090268E+1,-2.7895527156E+0,-1.5469785181E+6,-2.7505278052E+1
6.8903000000E+2,-2.0615977746E+0,-1.1315000562E+6,-2.0118070999E+1,-2.7894042927E+0,-1.5468962272E+6,-2.7503814919E+1
6.8910000000E+2,-2.0614930724E+0,-1.1314427382E+6,-2.0117051885E+1,-2.7892558924E+0,-1.5468139488E+6,-2.7502352010E+1
6.8917000000E+2,-2.0613883861E+0,-1.1313854289E+6,-2.0116032926E+1,-2.7891075147E+0,-1.5467316830E+6,-2.7500889323E+1
6.8924000000E+2,-2.0612837158E+0,-1.1313281283E+6,-2.0115014122E+1,-2.7889591597E+0,-1.5466494296E+6,-2.7499426859E+1
6.8931000000E+2,-2.0611790614E+0,-1.1312708365E+6,-2.0113995472E+1,-2.7888108272E+0,-1.5465671888E+6,-2.7497964618E+1
6.8938000000E+2,-2.0610744229E+0,-1.1312135533E+6,-2.0112976978E+1,-2.7886625173E+0,-1.5464849606E+6,-2.7496502599E+1
6.8945000000E+2,-2.0609698004E+0,-1.1311562788E+6,-2.0111958638E+1,-2.7885142300E+0,-1.5464027448E+6,-2.7495040803E+1
6.8952000000E+2,-2.0608651939E+0,-1.1310990131E+6,-2.0110940453E+1,-2.7883659653E+0,-1.5463205416E+6,-2.7493579230E+1
6.8959000000E+2,-2.0607606032E+0,-1.1310417560E+6,-2.0109922422E+1,-2.7882177232E+0,-1.5462383509E+6,-2.7492117879E+1
6.8966000000E+2,-2.0606560285E+0,-1.1309845077E+6,-2.0108904547E+1,-2.7880695036E+0,-1.5461561727E+6,-2.7490656750E+1
6.8973000000E+2,-2.0605514697E+0,-1.1309272680E+6,-2.0107886826E+1,-2.7879213066E+0,-1.5460740070E+6,-2.7489195844E+1
6.8980000000E+2,-2.0604469268E+0,-1.1308700371E+6,-2.0106869259E+1,-2.7877731322E+0,-1.5459918538E+6,-2.7487735160E+1
6.8987000000E+2,-2.0603423998E+0,-1.1308128148E+6,-2.0105851847E+1,-2.7876249803E+0,-1.5459097131E+6,-2.7486274698E+1
6.8994000000E+2,-2.0602378887E+0,-1.1307556012E+6,-2.0104834590E+1,-2.7874768510E+0,-1.5458275849E+6,-2.7484814459E+1
6.9001000000E+2,-2.0601333936E+0,-1.1306983964E+6,-2.0103817487E+1,-2.7873287442E+0,-1.5457454691E+6,-2.7483354441E+1
6.9008000000E+2,-2.0600289143E+0,-1.1306412002E+6,-2.0102800539E+1,-2.7871806599E+0,-1.5456633659E+6,-2.7481894646E+1
6.9015000000E+2,-2.0599244509E+0,-1.1305840127E+6,-2.0101783745E+1,-2.7870325982E+0,-1.5455812752E+6,-2.7480435073E+1
6.9022000000E+2,-2.0598200034E+0,-1.1305268338E+6,-2.0100767105E+1,-2.7868845591E+0,-1.5454991969E+6,-2.7478975722E+1
6.9029000000E+2,-2.0597155718E+0,-1.1304696637E+6,-2.0099750620E+1,-2.7867365424E+0,-1.5454171312E+6,-2.7477516592E+1
6.9036000000E+2,-2.0596111561E+0,-1.1304125022E+6,-2.0098734289E+1,-2.7865885482E+0,-1.5453350779E+6,-2.7476057685E+1
6.9043000000E+2,-2.0595067562E+0,-1.1303553494E+6,-2.0097718112E+1,-2.7864405766E+0,-1.5452530371E+6,-2.7474598999E+1
6.9050000000E+2,-2.0594023723E+0,-1.1302982053E+6,-2.0096702090E+1,-2.7862926275E+0,-1.5451710087E+6,-2.7473140535E+1
6.9057000000E+2,-2.0592980042E+0,-1.1302410698E+6,-2.0095686221E+1,-2.7861447008E+0,-1.5450889929E+6,-2.7471682293E+1
6.9064000000E+2,-2.0591936519E+0,-1.1301839430E+6,-2.0094670507E+1,-2.7859967967E+0,-1.5450069895E+6,-2.7470224273E+1
6.9071000000E+2,-2.0590893156E+0,-1.1301268249E+6,-2.0093654947E+1,-2.7858489150E+0,-1.5449249985E+6,-2.7468766474E+1
6.9078000000E+2,-2.0589849951E+0,-1.1300697155E+6,-2.0092639541E+1,-2.7857010559E+0,-1.5448430200E+6,-2.7467308896E+1
6.9085000000E+2,-2.0588806904E+0,-1.1300126147E+6,-2.0091624289E+1,-2.7855532192E+0,-1.5447610540E+6,-2.7465851540E+1
6.9092000000E+2,-2.0587764016E+0,-1.1299555225E+6,-2.0090609191E+1,-2.7854054049E+0,-1.5446791004E+6,-2.7464394405E+1
6.9099000000E+2,-2.0586721286E+0,-1.1298984391E+6,-2.0089594247E+1,-2.7852576132E+0,-1.5445971593E+6,-2.7462937492E+1
6.9106000000E+2,-2.0585678715E+0,-1.1298413643E+6,-2.0088579456E+1,-2.7851098439E+0,-1.5445152306E+6,-2.7461480800E+1
6.9113000000E+2,-2.0584636302E+0,-1.1297842981E+6,-2.0087564820E+1,-2.7849620970E+0,-1.5444333144E+6,-2.7460024329E+1
6.9120000000E+2,-2.0583594048E+0,-1.1297272406E+6,-2.0086550337E+1,-2.7848143726E+0,-1.5443514106E+6,-2.7458568080E+1
6.9127000000E+2,-2.0582551952E+0,-1.1296701917E+6,-2.0085536009E+1,-2.7846666707E+0,-1.5442695192E+6,-2.7457112051E+1
6.9134000000E+2,-2.0581510014E+0,-1.1296131515E+6,-2.0084521834E+1,-2.7845189911E+0,-1.5441876403E+6,-2.7455656244E+1
6.9141000000E+2,-2.0580468234E+0,-1.1295561199E+6,-2.0083507812E+1,-2.7843713340E+0,-1.5441057738E+6,-2.7454200658E+1
6.9148000000E+2,-2.0579426612E+0,-1.1294990970E+6,-2.0082493945E+1,-2.7842236994E+0,-1.5440239197E+6,-2.7452745292E+1
6.9155000000E+2,-2.0578385149E+0,-1.1294420827E+6,-2.0081480231E+1,-2.7840760871E+0,-1.5439420781E+6,-2.7451290148E+1
6.9162000000E+2,-2.0577343844E+0,-1.1293850771E+6,-2.0080466670E+1,-2.7839284973E+0,-1.5438602488E+6,-2.7449835224E+1
6.9169000000E+2,-2.0576302697E+0,-1.1293280800E+6,-2.0079453263E+1,-2.7837809298E+0,-1.5437784320E+6,-2.7448380522E+1
6.9176000000E+2,-2.0575261707E+0,-1.1292710917E+6,-2.0078440010E+1,-2.7836333848E+0,-1.5436966276E+6,-2.7446926039E+1
6.9183000000E+2,-2.0574220876E+0,-1.1292141119E+6,-2.0077426910E+1,-2.7834858621E+0,-1.5436148357E+6,-2.7445471778E+1
6.9190000000E+2,-2.0573180203E+0,-1.1291571408E+6,-2.0076413963E+1,-2.7833383619E+0,-1.5435330561E+6,-2.7444017737E+1
6.9197000000E+2,-2.0572139687E+0,-1.1291001783E+6,-2.0075401170E+1,-2.7831908840E+0,-1.5434512889E+6,-2.7442563917E+1
6.9204000000E+2,-2.0571099330E+0,-1.1290432244E+6,-2.0074388531E+1,-2.7830434286E+0,-1.5433695342E+6,-2.7441110317E+1
6.9211000000E+2,-2.0570059130E+0,-1.1289862792E+6,-2.0073376044E+1,-2.7828959954E+0,-1.5432877918E+6,-2.7439656938E+1
6.9218000000E+2,-2.0569019088E+0,-1.1289293426E+6,-2.0072363711E+1,-2.7827485847E+0,-1.5432060618E+6,-2.7438203779E+1
6.9225000000E+2,-2.0567979204E+0,-1.1288724146E+6,-2.0071351531E+1,-2.7826011963E+0,-1.5431243443E+6,-2.7436750841E+1
6.9232000000E+2,-2.0566939478E+0,-1.1288154952E+6,-2.0070339504E+1,-2.7824538303E+0,-1.5430426391E+6,-2.7435298123E+1
6.9239000000E+2,-2.0565899909E+0,-1.1287585844E+6,-2.0069327631E+1,-2.7823064866E+0,-1.5429609463E+6,-2.7433845625E+1
6.9246000000E+2,-2.0564860498E+0,-1.1287016822E+6,-2.0068315910E+1,-2.7821591653E+0,-1.5428792659E+6,-2.7432393347E+1
6.9253000000E+2,-2.0563821244E+0,-1.1286447887E+6,-2.0067304343E+1,-2.7820118663E+0,-1.5427975978E+6,-2.7430941289E+1
6.9260000000E+2,-2.0562782148E+0,-1.1285879038E+6,-2.0066292929E+1,-2.7818645897E+0,-1.5427159422E+6,-2.7429489452E+1
6.9267000000E+2,-2.0561743209E+0,-1.1285310274E+6,-2.0065281667E+1,-2.7817173353E+0,-1.5426342989E+6,-2.7428037834E+1
6.9274000000E+2,-2.0560704428E+0,-1.1284741597E+6,-2.0064270559E+1,-2.7815701033E+0,-1.5425526680E+6,-2.7426586437E+1
6.9281000000E+2,-2.0559665805E+0,-1.1284173006E+6,-2.0063259604E+1,-2.7814228937E+0,-1.5424710494E+6,-2.7425135259E+1
6.9288000000E+2,-2.0558627338E+0,-1.1283604500E+6,-2.0062248801E+1,-2.7812757063E+0,-1.5423894433E+6,-2.7423684301E+1
6.9295000000E+2,-2.0557589029E+0,-1.1283036081E+6,-2.0061238152E+1,-2.7811285412E+0,-1.5423078494E+6,-2.7422233563E+1
6.9302000000E+2,-2.0556550878E+0,-1.1282467747E+6,-2.0060227655E+1,-2.7809813984E+0,-1.5422262680E+6,-2.7420783045E+1
6.9309000000E+2,-2.0555512883E+0,-1.1281899500E+6,-2.0059217311E+1,-2.7808342780E+0,-1.5421446989E+6,-2.7419332746E+1
6.9316000000E+2,-2.0554475046E+0,-1.1281331338E+6,-2.0058207119E+1,-2.7806871798E+0,-1.5420631421E+6,-2.7417882667E+1
6.9323000000E+2,-2.0553437366E+0,-1.1280763263E+6,-2.0057197081E+1,-2.7805401039E+0,-1.5419815977E+6,-2.7416432808E+1
6.9330000000E+2,-2.0552399843E+0,-1.1280195273E+6,-2.0056187195E+1,-2.7803930502E+0,-1.5419000657E+6,-2.7414983168E+1
6.9337000000E+2,-2.0551362477E+0,-1.1279627369E+6,-2.0055177462E+1,-2.7802460189E+0,-1.5418185460E+6,-2.7413533747E+1
6.9344000000E+2,-2.0550325269E+0,-1.1279059551E+6,-2.0054167881E+1,-2.7800990098E+0,-1.5417370386E+6,-2.7412084546E+1
6.9351000000E+2,-2.0549288217E+0,-1.1278491818E+6,-2.0053158453E+1,-2.7799520230E+0,-1.5416555436E+6,-2.7410635564E+1
6.9358000000E+2,-2.0548251322E+0,-1.1277924172E+6,-2.0052149177E+1,-2.7798050584E+0,-1.5415740609E+6,-2.7409186802E+1
6.9365000000E+2,-2.0547214585E+0,-1.1277356611E+6,-2.0051140054E+1,-2.7796581161E+0,-1.5414925905E+6,-2.7407738259E+1
6.9372000000E+2,-2.0546178004E+0,-1.1276789136E+6,-2.0050131083E+1,-2.7795111960E+0,-1.5414111324E+6,-2.7406289935E+1
6.9379000000E+2,-2.0545141580E+0,-1.1276221746E+6,-2.0049122265E+1,-2.7793642982E+0,-1.5413296867E+6,-2.7404841830E+1
6.9386000000E+2,-2.0544105313E+0,-1.1275654442E+6,-2.0048113599E+1,-2.7792174226E+0,-1.5412482533E+6,-2.7403393944E+1
6.9393000000E+2,-2.0543069202E+0,-1.1275087224E+6,-2.0047105085E+1,-2.7790705692E+0,-1.5411668322E+6,-2.7401946277E+1
6.9400000000E+2,-2.0542033249E+0,-1.1274520092E+6,-2.0046096723E+1,-2.7789237380E+0,-1.5410854235E+6,-2.7400498829E+1
6.9407000000E+2,-2.0540997452E+0,-1.1273953045E+6,-2.0045088514E+1,-2.7787769291E+0,-1.5410040270E+6,-2.7399051600E+1
6.9414000000E+2,-2.0539961812E+0,-1.1273386084E+6,-2.0044080457E+1,-2.7786301423E+0,-1.5409226429E+6,-2.7397604590E+1
6.9421000000E+2,-2.0538926328E+0,-1.1272819208E+6,-2.0043072552E+1,-2.7784833778E+0,-1.5408412710E+6,-2.7396157799E+1
6.9428000000E+2,-2.0537891001E+0,-1.1272252418E+6,-2.0042064800E+1,-2.7783366355E+0,-1.5407599115E+6,-2.7394711227E+1
6.9435000000E+2,-2.0536855831E+0,-1.1271685714E+6,-2.0041057199E+1,-2.7781899154E+0,-1.5406785643E+6,-2.7393264873E+1
6.9442000000E+2,-2.0535820817E+0,-1.1271119095E+6,-2.0040049750E+1,-2.7780432174E+0,-1.5405972293E+6,-2.7391818738E+1
6.9449000000E+2,-2.0534785959E+0,-1.1270552561E+6,-2.0039042454E+1,-2.7778965416E+0,-1.5405159067E+6,-2.7390372821E+1
6.9456000000E+2,-2.0533751258E+0,-1.1269986113E+6,-2.0038035309E+1,-2.7777498880E+0,-1.5404345963E+6,-2.7388927123E+1
6.9463000000E+2,-2.0532716714E+0,-1.1269419751E+6,-2.0037028317E+1,-2.7776032566E+0,-1.5403532983E+6,-2.7387481643E+1
6.9470000000E+2,-2.0531682325E+0,-1.1268853473E+6,-2.0036021476E+1,-2.7774566474E+0,-1.5402720125E+6,-2.7386036382E+1
6.9477000000E+2,-2.0530648093E+0,-1.1268287282E+6,-2.0035014787E+1,-2.7773100603E+0,-1.5401907390E+6,-2.7384591339E+1
6.9484000000E+2,-2.0529614018E+0,-1.1267721175E+6,-2.0034008250E+1,-2.7771634953E+0,-1.5401094777E+6,-2.7383146514E+1
6.9491000000E+2,-2.0528580098E+0,-1.1267155154E+6,-2.0033001864E+1,-2.7770169526E+0,-1.5400282288E+6,-2.7381701908E+1
6.9498000000E+2,-2.0527546335E+0,-1.1266589219E+6,-2.0031995631E+1,-2.7768704319E+0,-1.5399469921E+6,-2.7380257520E+1
6.9505000000E+2,-2.0526512728E+0,-1.1266023368E+6,-2.0030989549E+1,-2.7767239334E+0,-1.5398657677E+6,-2.7378813350E+1
6.9512000000E+2,-2.0525479277E+0,-1.1265457603E+6,-2.0029983619E+1,-2.7765774570E+0,-1.5397845556E+6,-2.7377369398E+1
6.9519000000E+2,-2.0524445982E+0,-1.1264891924E+6,-2.0028977840E+1,-2.7764310028E+0,-1.5397033557E+6,-2.7375925664E+1
6.9526000000E+2,-2.0523412843E+0,-1.1264326329E+6,-2.0027972213E+1,-2.7762845706E+0,-1.5396221681E+6,-2.7374482148E+1
6.9533000000E+2,-2.0522379860E+0,-1.1263760820E+6,-2.0026966738E+1,-2.7761381606E+0,-1.5395409927E+6,-2.7373038850E+1
6.9540000000E+2,-2.0521347033E+0,-1.1263195396E+6,-2.0025961414E+1,-2.7759917727E+0,-1.5394598296E+6,-2.7371595770E+1
6.9547000000E+2,-2.0520314362E+0,-1.1262630057E+6,-2.0024956241E+1,-2.7758454069E+0,-1.5393786787E+6,-2.7370152908E+1
6.9554000000E+2,-2.0519281847E+0,-1.1262064803E+6,-2.0023951220E+1,-2.7756990632E+0,-1.5392975401E+6,-2.7368710263E+1
6.9561000000E+2,-2.0518249488E+0,-1.1261499635E+6,-2.0022946351E+1,-2.7755527416E+0,-1.5392164137E+6,-2.7367267836E+1
6.9568000000E+2,-2.0517217285E+0,-1.1260934551E+6,-2.0021941632E+1,-2.7754064421E+0,-1.5391352996E+6,-2.7365825627E+1
6.9575000000E+2,-2.0516185237E+0,-1.1260369553E+6,-2.0020937065E+1,-2.7752601646E+0,-1.5390541977E+6,-2.7364383635E+1
6.9582000000E+2,-2.0515153345E+0,-1.1259804640E+6,-2.0019932650E+1,-2.7751139093E+0,-1.5389731080E+6,-2.7362941861E+1
6.9589000000E+2,-2.0514121609E+0,-1.1259239812E+6,-2.0018928385E+1,-2.7749676760E+0,-1.5388920306E+6,-2.7361500304E+1
6.9596000000E+2,-2.0513090028E+0,-1.1258675069E+6,-2.0017924272E+1,-2.7748214647E+0,-1.5388109654E+6,-2.7360058965E+1
6.9603000000E+2,-2.0512058603E+0,-1.1258110411E+6,-2.0016920310E+1,-2.7746752756E+0,-1.5387299124E+6,-2.7358617843E+1
6.9610000000E+2,-2.0511027334E+0,-1.1257545838E+6,-2.0015916499E+1,-2.7745291085E+0,-1.5386488717E+6,-2.7357176939E+1
6.9617000000E+2,-2.0509996220E+0,-1.1256981350E+6,-2.0014912839E+1,-2.7743829634E+0,-1.5385678432E+6,-2.7355736251E+1
6.9624000000E+2,-2.0508965261E+0,-1.1256416946E+6,-2.0013909331E+1,-2.7742368404E+0,-1.5384868268E+6,-2.7354295781E+1
6.9631000000E+2,-2.0507934458E+0,-1.1255852628E+6,-2.0012905973E+1,-2.7740907394E+0,-1.5384058227E+6,-2.7352855528E+1
6.9638000000E+2,-2.0506903811E+0,-1.1255288395E+6,-2.0011902766E+1,-2.7739446604E+0,-1.5383248308E+6,-2.7351415492E+1
6.9645000000E+2,-2.0505873318E+0,-1.1254724247E+6,-2.0010899710E+1,-2.7737986035E+0,-1.5382438512E+6,-2.7349975674E+1
6.9652000000E+2,-2.0504842982E+0,-1.1254160183E+6,-2.0009896806E+1,-2.7736525686E+0,-1.5381628837E+6,-2.7348536072E+1
6.9659000000E+2,-2.0503812800E+0,-1.1253596204E+6,-2.0008894052E+1,-2.7735065557E+0,-1.5380819284E+6,-2.7347096687E+1
6.9666000000E+2,-2.0502782774E+0,-1.1253032311E+6,-2.0007891448E+1,-2.7733605648E+0,-1.5380009853E+6,-2.7345657519E+1
6.9673000000E+2,-2.0501752903E+0,-1.1252468502E+6,-2.0006888996E+1,-2.7732145959E+0,-1.5379200544E+6,-2.7344218568E+1
6.9680000000E+2,-2.0500723187E+0,-1.1251904777E+6,-2.0005886694E+1,-2.7730686491E+0,-1.5378391357E+6,-2.7342779833E+1
6.9687000000E+2,-2.0499693626E+0,-1.1251341138E+6,-2.0004884543E+1,-2.7729227242E+0,-1.5377582292E+6,-2.7341341316E+1
6.9694000000E+2,-2.0498664220E+0,-1.1250777583E+6,-2.0003882543E+1,-2.7727768213E+0,-1.5376773349E+6,-2.7339903015E+1
6.9701000000E+2,-2.0497634970E+0,-1.1250214113E+6,-2.0002880693E+1,-2.7726309404E+0,-1.5375964528E+6,-2.7338464930E+1
6.9708000000E+2,-2.0496605874E+0,-1.1249650728E+6,-2.0001878994E+1,-2.7724850814E+0,-1.5375155828E+6,-2.7337027062E+1
6.9715000000E+2,-2.0495576933E+0,-1.1249087427E+6,-2.0000877446E+1,-2.7723392445E+0,-1.5374347250E+6,-2.7335589411E+1
6.9722000000E+2,-2.0494548148E+0,-1.1248524212E+6,-1.9999876048E+1,-2.7721934295E+0,-1.5373538794E+6,-2.7334151976E+1
6.9729000000E+2,-2.0493519517E+0,-1.1247961080E+6,-1.9998874801E+1,-2.7720476364E+0,-1.5372730460E+6,-2.7332714757E+1
6.9736000000E+2,-2.0492491041E+0,-1.1247398034E+6,-1.9997873704E+1,-2.7719018653E+0,-1.5371922247E+6,-2.7331277755E+1
6.9743000000E+2,-2.0491462720E+0,-1.1246835072E+6,-1.9996872757E+1,-2.7717561162E+0,-1.5371114156E+6,-2.7329840969E+1
6.9750000000E+2,-2.0490434554E+0,-1.1246272194E+6,-1.9995871961E+1,-2.7716103890E+0,-1.5370306186E+6,-2.7328404399E+1
6.9757000000E+2,-2.0489406542E+0,-1.1245709401E+6,-1.9994871315E+1,-2.7714646837E+0,-1.5369498339E+6,-2.7326968046E+1
6.9764000000E+2,-2.0488378685E+0,-1.1245146693E+6,-1.9993870820E+1,-2.7713190004E+0,-1.5368690612E+6,-2.7325531908E+1
6.9771000000E+2,-2.0487350983E+0,-1.1244584069E+6,-1.9992870474E+1,-2.7711733390E+0,-1.5367883007E+6,-2.7324095987E+1
6.9778000000E+2,-2.0486323436E+0,-1.1244021529E+6,-1.9991870279E+1,-2.7710276996E+0,-1.5367075524E+6,-2.7322660282E+1
6.9785000000E+2,-2.0485296043E+0,-1.1243459074E+6,-1.9990870234E+1,-2.7708820820E+0,-1.5366268162E+6,-2.7321224792E+1
6.9792000000E+2,-2.0484268804E+0,-1.1242896704E+6,-1.9989870340E+1,-2.7707364863E+0,-1.5365460922E+6,-2.7319789519E+1
6.9799000000E+2,-2.0483241721E+0,-1.1242334418E+6,-1.9988870595E+1,-2.7705909126E+0,-1.5364653803E+6,-2.7318354461E+1
6.9806000000E+2,-2.0482214791E+0,-1.1241772216E+6,-1.9987871001E+1,-2.7704453608E+0,-1.5363846805E+6,-2.7316919619E+1
6.9813000000E+2,-2.0481188016E+0,-1.1241210099E+6,-1.9986871556E+1,-2.7702998308E+0,-1.5363039929E+6,-2.7315484993E+1
6.9820000000E+2,-2.0480161396E+0,-1.1240648066E+6,-1.9985872262E+1,-2.7701543227E+0,-1.5362233174E+6,-2.7314050583E+1
6.9827000000E+2,-2.0479134930E+0,-1.1240086118E+6,-1.9984873117E+1,-2.7700088366E+0,-1.5361426540E+6,-2.7312616388E+1
6.9834000000E+2,-2.0478108618E+0,-1.1239524253E+6,-1.9983874122E+1,-2.7698633723E+0,-1.5360620027E+6,-2.7311182409E+1
6.9841000000E+2,-2.0477082460E+0,-1.1238962473E+6,-1.9982875278E+1,-2.7697179298E+0,-1.5359813636E+6,-2.7309748645E+1
6.9848000000E+2,-2.0476056457E+0,-1.1238400778E+6,-1.9981876583E+1,-2.7695725093E+0,-1.5359007366E+6,-2.7308315097E+1
6.9855000000E+2,-2.0475030608E+0,-1.1237839166E+6,-1.9980878038E+1,-2.7694271106E+0,-1.5358201217E+6,-2.7306881764E+1
6.9862000000E+2,-2.0474004913E+0,-1.1237277639E+6,-1.9979879643E+1,-2.7692817337E+0,-1.5357395189E+6,-2.7305448647E+1
6.9869000000E+2,-2.0472979372E+0,-1.1236716196E+6,-1.9978881397E+1,-2.7691363787E+0,-1.5356589283E+6,-2.7304015744E+1
6.9876000000E+2,-2.0471953985E+0,-1.1236154838E+6,-1.9977883301E+1,-2.7689910456E+0,-1.5355783497E+6,-2.7302583057E+1
6.9883000000E+2,-2.0470928753E+0,-1.1235593563E+6,-1.9976885355E+1,-2.7688457343E+0,-1.5354977832E+6,-2.7301150586E+1
6.9890000000E+2,-2.0469903674E+0,-1.1235032373E+6,-1.9975887559E+1,-2.7687004448E+0,-1.5354172289E+6,-2.7299718329E+1
6.9897000000E+2,-2.0468878749E+0,-1.1234471266E+6,-1.9974889912E+1,-2.7685551772E+0,-1.5353366866E+6,-2.7298286288E+1
6.9904000000E+2,-2.0467853979E+0,-1.1233910244E+6,-1.9973892414E+1,-2.7684099313E+0,-1.5352561564E+6,-2.7296854461E+1
6.9911000000E+2,-2.0466829362E+0,-1.1233349306E+6,-1.9972895066E+1,-2.7682647073E+0,-1.5351756384E+6,-2.7295422850E+1
6.9918000000E+2,-2.0465804899E+0,-1.1232788452E+6,-1.9971897868E+1,-2.7681195051E+0,-1.5350951324E+6,-2.7293991453E+1
6.9925000000E+2,-2.0464780590E+0,-1.1232227682E+6,-1.9970900819E+1,-2.7679743247E+0,-1.5350146385E+6,-2.7292560272E+1
6.9932000000E+2,-2.0463756434E+0,-1.1231666996E+6,-1.9969903919E+1,-2.7678291661E+0,-1.5349341566E+6,-2.7291129305E+1
6.9939000000E+2,-2.0462732433E+0,-1.1231106394E+6,-1.9968907169E+1,-2.7676840294E+0,-1.5348536869E+6,-2.7289698553E+1
6.9946000000E+2,-2.0461708585E+0,-1.1230545876E+6,-1.9967910568E+1,-2.7675389144E+0,-1.5347732292E+6,-2.7288268016E+1
6.9953000000E+2,-2.0460684891E+0,-1.1229985443E+6,-1.9966914117E+1,-2.7673938211E+0,-1.5346927836E+6,-2.7286837693E+1
6.9960000000E+2,-2.0459661350E+0,-1.1229425093E+6,-1.9965917815E+1,-2.7672487497E+0,-1.5346123501E+6,-2.7285407585E+1
6.9967000000E+2,-2.0458637963E+0,-1.1228864826E+6,-1.9964921661E+1,-2.7671037000E+0,-1.5345319286E+6,-2.7283977691E+1
6.9974000000E+2,-2.0457614730E+0,-1.1228304644E+6,-1.9963925657E+1,-2.7669586721E+0,-1.5344515192E+6,-2.7282548012E+1
6.9981000000E+2,-2.0456591650E+0,-1.1227744546E+6,-1.9962929803E+1,-2.7668136660E+0,-1.5343711219E+6,-2.7281118548E+1
6.9988000000E+2,-2.0455568723E+0,-1.1227184532E+6,-1.9961934097E+1,-2.7666686816E+0,-1.5342907366E+6,-2.7279689297E+1
6.9995000000E+2,-2.0454545950E+0,-1.1226624601E+6,-1.9960938540E+1,-2.7665237190E+0,-1.5342103634E+6,-2.7278260262E+1
7.0002000000E+2,-2.0453523331E+0,-1.1226064754E+6,-1.9959943133E+1,-2.7663787781E+0,-1.5341300023E+6,-2.7276831440E+1
7.0009000000E+2,-2.0452500864E+0,-1.1225504991E+6,-1.9958947874E+1,-2.7662338590E+0,-1.5340496531E+6,-2.7275402833E+1
7.0016000000E+2,-2.0451478551E+0,-1.1224945312E+6,-1.9957952765E+1,-2.7660889616E+0,-1.5339693161E+6,-2.7273974440E+1
7.0023000000E+2,-2.0450456392E+0,-1.1224385716E+6,-1.9956957804E+1,-2.7659440859E+0,-1.5338889910E+6,-2.7272546261E+1
7.0030000000E+2,-2.0449434385E+0,-1.1223826205E+6,-1.9955962992E+1,-2.7657992320E+0,-1.5338086780E+6,-2.7271118296E+1
7.0037000000E+2,-2.0448412532E+0,-1.1223266777E+6,-1.9954968329E+1,-2.7656543998E+0,-1.5337283771E+6,-2.7269690545E+1
7.0044000000E+2,-2.0447390832E+0,-1.1222707432E+6,-1.9953973815E+1,-2.7655095892E+0,-1.5336480882E+6,-2.7268263008E+1
7.0051000000E+2,-2.0446369285E+0,-1.1222148172E+6,-1.9952979449E+1,-2.7653648004E+0,-1.5335678113E+6,-2.7266835685E+1
7.0058000000E+2,-2.0445347891E+0,-1.1221588995E+6,-1.9951985233E+1,-2.7652200333E+0,-1.5334875464E+6,-2.7265408576E+1
7.0065000000E+2,-2.0444326651E+0,-1.1221029901E+6,-1.9950991165E+1,-2.7650752879E+0,-1.5334072936E+6,-2.7263981680E+1
7.0072000000E+2,-2.0443305563E+0,-1.1220470892E+6,-1.9949997245E+1,-2.7649305642E+0,-1.5333270528E+6,-2.7262554999E+1
7.0079000000E+2,-2.0442284628E+0,-1.1219911966E+6,-1.9949003475E+1,-2.7647858622E+0,-1.5332468240E+6,-2.7261128531E+1
7.0086000000E+2,-2.0441263846E+0,-1.1219353123E+6,-1.9948009853E+1,-2.7646411819E+0,-1.5331666072E+6,-2.7259702276E+1
7.0093000000E+2,-2.0440243217E+0,-1.1218794364E+6,-1.9947016379E+1,-2.7644965232E+0,-1.5330864025E+6,-2.7258276236E+1
7.0100000000E+2,-2.0439222741E+0,-1.1218235688E+6,-1.9946023054E+1,-2.7643518862E+0,-1.5330062097E+6,-2.7256850408E+1
7.0107000000E+2,-2.0438202418E+0,-1.1217677096E+6,-1.9945029877E+1,-2.7642072709E+0,-1.5329260290E+6,-2.7255424795E+1
7.0114000000E+2,-2.0437182248E+0,-1.1217118588E+6,-1.9944036849E+1,-2.7640626772E+0,-1.5328458602E+6,-2.7253999395E+1
7.0121000000E+2,-2.0436162230E+0,-1.1216560163E+6,-1.9943043969E+1,-2.7639181052E+0,-1.5327657035E+6,-2.7252574208E+1
7.0128000000E+2,-2.0435142365E+0,-1.1216001821E+6,-1.9942051238E+1,-2.7637735548E+0,-1.5326855587E+6,-2.7251149234E+1
7.0135000000E+2,-2.0434122653E+0,-1.1215443563E+6,-1.9941058655E+1,-2.7636290261E+0,-1.5326054260E+6,-2.7249724474E+1
7.0142000000E+2,-2.0433103093E+0,-1.1214885388E+6,-1.9940066220E+1,-2.7634845190E+0,-1.5325253052E+6,-2.7248299927E+1
7.0149000000E+2,-2.0432083686E+0,-1.1214327297E+6,-1.9939073934E+1,-2.7633400336E+0,-1.5324451965E+6,-2.7246875593E+1
7.0156000000E+2,-2.0431064431E+0,-1.1213769289E+6,-1.9938081795E+1,-2.7631955697E+0,-1.5323650997E+6,-2.7245451472E+1
7.0163000000E+2,-2.0430045329E+0,-1.1213211364E+6,-1.9937089805E+1,-2.7630511275E+0,-1.5322850149E+6,-2.7244027564E+1
7.0170000000E+2,-2.0429026380E+0,-1.1212653523E+6,-1.9936097963E+1,-2.7629067070E+0,-1.5322049421E+6,-2.7242603870E+1
7.0177000000E+2,-2.0428007583E+0,-1.1212095764E+6,-1.9935106269E+1,-2.7627623080E+0,-1.5321248812E+6,-2.7241180388E+1
7.0184000000E+2,-2.0426988938E+0,-1.1211538090E+6,-1.9934114723E+1,-2.7626179306E+0,-1.5320448323E+6,-2.7239757119E+1
7.0191000000E+2,-2.0425970446E+0,-1.1210980498E+6,-1.9933123326E+1,-2.7624735748E+0,-1.5319647954E+6,-2.7238334063E+1
7.0198000000E+2,-2.0424952106E+0,-1.1210422990E+6,-1.9932132076E+1,-2.7623292407E+0,-1.5318847705E+6,-2.7236911220E+1
7.0205000000E+2,-2.0423933918E+0,-1.1209865565E+6,-1.9931140974E+1,-2.7621849281E+0,-1.5318047576E+6,-2.7235488589E+1
7.0212000000E+2,-2.0422915883E+0,-1.1209308223E+6,-1.9930150020E+1,-2.7620406371E+0,-1.5317247566E+6,-2.7234066172E+1
7.0219000000E+2,-2.0421898000E+0,-1.1208750964E+6,-1.9929159214E+1,-2.7618963677E+0,-1.5316447675E+6,-2.7232643966E+1
7.0226000000E+2,-2.0420880269E+0,-1.1208193788E+6,-1.9928168556E+1,-2.7617521198E+0,-1.5315647904E+6,-2.7231221974E+1
7.0233000000E+2,-2.0419862690E+0,-1.1207636696E+6,-1.9927178045E+1,-2.7616078935E+0,-1.5314848253E+6,-2.7229800194E+1
7.0240000000E+2,-2.0418845263E+0,-1.1207079687E+6,-1.9926187683E+1,-2.7614636888E+0,-1.5314048721E+6,-2.7228378626E+1
7.0247000000E+2,-2.0417827988E+0,-1.1206522760E+6,-1.9925197468E+1,-2.7613195057E+0,-1.5313249309E+6,-2.7226957271E+1
7.0254000000E+2,-2.0416810866E+0,-1.1205965917E+6,-1.9924207401E+1,-2.7611753441E+0,-1.5312450016E+6,-2.7225536128E+1
7.0261000000E+2,-2.0415793895E+0,-1.1205409157E+6,-1.9923217481E+1,-2.7610312040E+0,-1.5311650842E+6,-2.7224115198E+1
7.0268000000E+2,-2.0414777076E+0,-1.1204852480E+6,-1.9922227709E+1,-2.7608870855E+0,-1.5310851788E+6,-2.7222694480E+1
7.0275000000E+2,-2.0413760409E+0,-1.1204295886E+6,-1.9921238085E+1,-2.7607429885E+0,-1.5310052854E+6,-2.7221273974E+1
7.0282000000E+2,-2.0412743895E+0,-1.1203739375E+6,-1.9920248608E+1,-2.7605989131E+0,-1.5309254038E+6,-2.7219853680E+1
7.0289000000E+2,-2.0411727531E+0,-1.1203182947E+6,-1.9919259279E+1,-2.7604548591E+0,-1.5308455342E+6,-2.7218433598E+1
7.0296000000E+2,-2.0410711320E+0,-1.1202626601E+6,-1.9918270097E+1,-2.7603108267E+0,-1.5307656765E+6,-2.7217013728E+1
7.0303000000E+2,-2.0409695261E+0,-1.1202070339E+6,-1.9917281063E+1,-2.7601668158E+0,-1.5306858308E+6,-2.7215594071E+1
7.0310000000E+2,-2.0408679353E+0,-1.1201514160E+6,-1.9916292176E+1,-2.7600228265E+0,-1.5306059969E+6,-2.7214174625E+1
7.0317000000E+2,-2.0407663597E+0,-1.1200958063E+6,-1.9915303436E+1,-2.7598788586E+0,-1.5305261750E+6,-2.7212755391E+1
7.0324000000E+2,-2.0406647992E+0,-1.1200402050E+6,-1.9914314844E+1,-2.7597349122E+0,-1.5304463650E+6,-2.7211336369E+1
7.0331000000E+2,-2.0405632539E+0,-1.1199846119E+6,-1.9913326399E+1,-2.7595909873E+0,-1.5303665669E+6,-2.7209917559E+1
7.0338000000E+2,-2.0404617238E+0,-1.1199290271E+6,-1.9912338102E+1,-2.7594470839E+0,-1.5302867807E+6,-2.7208498961E+1
7.0345000000E+2,-2.0403602088E+0,-1.1198734506E+6,-1.9911349951E+1,-2.7593032020E+0,-1.5302070064E+6,-2.7207080574E+1
7.0352000000E+2,-2.0402587090E+0,-1.1198178823E+6,-1.9910361948E+1,-2.7591593416E+0,-1.5301272440E+6,-2.7205662399E+1
7.0359000000E+2,-2.0401572243E+0,-1.1197623224E+6,-1.9909374092E+1,-2.7590155026E+0,-1.5300474935E+6,-2.7204244435E+1
7.0366000000E+2,-2.0400557548E+0,-1.1197067707E+6,-1.9908386383E+1,-2.7588716851E+0,-1.5299677550E+6,-2.7202826683E+1
7.0373000000E+2,-2.0399543004E+0,-1.1196512273E+6,-1.9907398821E+1,-2.7587278890E+0,-1.5298880283E+6,-2.7201409142E+1
7.0380000000E+2,-2.0398528611E+0,-1.1195956921E+6,-1.9906411406E+1,-2.7585841145E+0,-1.5298083135E+6,-2.7199991813E+1
7.0387000000E+2,-2.0397514370E+0,-1.1195401652E+6,-1.9905424138E+1,-2.7584403613E+0,-1.5297286105E+6,-2.7198574696E+1
7.0394000000E+2,-2.0396500280E+0,-1.1194846466E+6,-1.9904437017E+1,-2.7582966296E+0,-1.5296489195E+6,-2.7197157789E+1
7.0401000000E+2,-2.0395486341E+0,-1.1194291363E+6,-1.9903450043E+1,-2.7581529194E+0,-1.5295692404E+6,-2.7195741094E+1
7.0408000000E+2,-2.0394472554E+0,-1.1193736342E+6,-1.9902463216E+1,-2.7580092306E+0,-1.5294895731E+6,-2.7194324610E+1
7.0415000000E+2,-2.0393458917E+0,-1.1193181404E+6,-1.9901476536E+1,-2.7578655632E+0,-1.5294099177E+6,-2.7192908337E+1
7.0422000000E+2,-2.0392445432E+0,-1.1192626548E+6,-1.9900490002E+1,-2.7577219172E+0,-1.5293302742E+6,-2.7191492275E+1
7.0429000000E+2,-2.0391432098E+0,-1.1192071775E+6,-1.9899503616E+1,-2.7575782927E+0,-1.5292506426E+6,-2.7190076425E+1
7.0436000000E+2,-2.0390418914E+0,-1.1191517084E+6,-1.9898517376E+1,-2.7574346896E+0,-1.5291710228E+6,-2.7188660785E+1
7.0443000000E+2,-2.0389405882E+0,-1.1190962476E+6,-1.9897531283E+1,-2.7572911078E+0,-1.5290914149E+6,-2.7187245356E+1
7.0450000000E+2,-2.0388393001E+0,-1.1190407951E+6,-1.9896545336E+1,-2.7571475475E+0,-1.5290118188E+6,-2.7185830139E+1
7.0457000000E+2,-2.0387380271E+0,-1.1189853508E+6,-1.9895559537E+1,-2.7570040086E+0,-1.5289322346E+6,-2.7184415132E+1
7.0464000000E+2,-2.0386367691E+0,-1.1189299147E+6,-1.9894573883E+1,-2.7568604911E+0,-1.5288526623E+6,-2.7183000335E+1
7.0471000000E+2,-2.0385355263E+0,-1.1188744869E+6,-1.9893588377E+1,-2.7567169949E+0,-1.5287731018E+6,-2.7181585750E+1
7.0478000000E+2,-2.0384342985E+0,-1.1188190673E+6,-1.9892603016E+1,-2.7565735201E+0,-1.5286935532E+6,-2.7180171375E+1
7.0485000000E+2,-2.0383330858E+0,-1.1187636560E+6,-1.9891617803E+1,-2.7564300668E+0,-1.5286140164E+6,-2.7178757211E+1
7.0492000000E+2,-2.0382318882E+0,-1.1187082528E+6,-1.9890632736E+1,-2.7562866347E+0,-1.5285344914E+6,-2.7177343257E+1
7.0499000000E+2,-2.0381307057E+0,-1.1186528580E+6,-1.9889647815E+1,-2.7561432241E+0,-1.5284549783E+6,-2.7175929514E+1
7.0506000000E+2,-2.0380295382E+0,-1.1185974713E+6,-1.9888663040E+1,-2.7559998348E+0,-1.5283754770E+6,-2.7174515982E+1
7.0513000000E+2,-2.0379283858E+0,-1.1185420929E+6,-1.9887678412E+1,-2.7558564669E+0,-1.5282959876E+6,-2.7173102660E+1
7.0520000000E+2,-2.0378272484E+0,-1.1184867228E+6,-1.9886693931E+1,-2.7557131203E+0,-1.5282165100E+6,-2.7171689548E+1
7.0527000000E+2,-2.0377261261E+0,-1.1184313608E+6,-1.9885709595E+1,-2.7555697950E+0,-1.5281370442E+6,-2.7170276647E+1
7.0534000000E+2,-2.0376250189E+0,-1.1183760071E+6,-1.9884725406E+1,-2.7554264911E+0,-1.5280575903E+6,-2.7168863956E+1
7.0541000000E+2,-2.0375239267E+0,-1.1183206616E+6,-1.9883741363E+1,-2.7552832086E+0,-1.5279781482E+6,-2.7167451475E+1
7.0548000000E+2,-2.0374228495E+0,-1.1182653243E+6,-1.9882757466E+1,-2.7551399473E+0,-1.5278987179E+6,-2.7166039204E+1
7.0555000000E+2,-2.0373217874E+0,-1.1182099952E+6,-1.9881773715E+1,-2.7549967074E+0,-1.5278192994E+6,-2.7164627143E+1
7.0562000000E+2,-2.0372207403E+0,-1.1181546744E+6,-1.9880790111E+1,-2.7548534888E+0,-1.5277398927E+6,-2.7163215293E+1
7.0569000000E+2,-2.0371197083E+0,-1.1180993618E+6,-1.9879806652E+1,-2.7547102915E+0,-1.5276604979E+6,-2.7161803652E+1
7.0576000000E+2,-2.0370186913E+0,-1.1180440574E+6,-1.9878823340E+1,-2.7545671155E+0,-1.5275811148E+6,-2.7160392221E+1
7.0583000000E+2,-2.0369176893E+0,-1.1179887611E+6,-1.9877840173E+1,-2.7544239608E+0,-1.5275017436E+6,-2.7158981001E+1
7.0590000000E+2,-2.0368167023E+0,-1.1179334732E+6,-1.9876857153E+1,-2.7542808274E+0,-1.5274223841E+6,-2.7157569990E+1
7.0597000000E+2,-2.0367157304E+0,-1.1178781934E+6,-1.9875874278E+1,-2.7541377153E+0,-1.5273430365E+6,-2.7156159189E+1
7.0604000000E+2,-2.0366147735E+0,-1.1178229218E+6,-1.9874891549E+1,-2.7539946245E+0,-1.5272637006E+6,-2.7154748597E+1
7.0611000000E+2,-2.0365138315E+0,-1.1177676584E+6,-1.9873908966E+1,-2.7538515550E+0,-1.5271843766E+6,-2.7153338216E+1
7.0618000000E+2,-2.0364129046E+0,-1.1177124032E+6,-1.9872926529E+1,-2.7537085068E+0,-1.5271050643E+6,-2.7151928044E+1
7.0625000000E+2,-2.0363119927E+0,-1.1176571562E+6,-1.9871944238E+1,-2.7535654798E+0,-1.5270257639E+6,-2.7150518081E+1
7.0632000000E+2,-2.0362110958E+0,-1.1176019174E+6,-1.9870962092E+1,-2.7534224741E+0,-1.5269464752E+6,-2.7149108329E+1
7.0639000000E+2,-2.0361102139E+0,-1.1175466868E+6,-1.9869980092E+1,-2.7532794896E+0,-1.5268671983E+6,-2.7147698785E+1
7.0646000000E+2,-2.0360093470E+0,-1.1174914644E+6,-1.9868998238E+1,-2.7531365264E+0,-1.5267879331E+6,-2.7146289451E+1
7.0653000000E+2,-2.0359084951E+0,-1.1174362502E+6,-1.9868016529E+1,-2.7529935844E+0,-1.5267086798E+6,-2.7144880327E+1
7.0660000000E+2,-2.0358076581E+0,-1.1173810442E+6,-1.9867034966E+1,-2.7528506637E+0,-1.5266294382E+6,-2.7143471412E+1
7.0667000000E+2,-2.0357068362E+0,-1.1173258464E+6,-1.9866053548E+1,-2.7527077643E+0,-1.5265502084E+6,-2.7142062706E+1
7.0674000000E+2,-2.0356060292E+0,-1.1172706567E+6,-1.9865072276E+1,-2.7525648860E+0,-1.5264709904E+6,-2.7140654209E+1
7.0681000000E+2,-2.0355052372E+0,-1.1172154753E+6,-1.9864091150E+1,-2.7524220290E+0,-1.5263917841E+6,-2.7139245921E+1
7.0688000000E+2,-2.0354044602E+0,-1.1171603020E+6,-1.9863110169E+1,-2.7522791932E+0,-1.5263125896E+6,-2.7137837843E+1
7.0695000000E+2,-2.0353036981E+0,-1.1171051369E+6,-1.9862129333E+1,-2.7521363787E+0,-1.5262334068E+6,-2.7136429974E+1
7.0702000000E+2,-2.0352029510E+0,-1.1170499799E+6,-1.9861148643E+1,-2.7519935853E+0,-1.5261542359E+6,-2.7135022313E+1
7.0709000000E+2,-2.0351022188E+0,-1.1169948312E+6,-1.9860168098E+1,-2.7518508131E+0,-1.5260750766E+6,-2.7133614862E+1
7.0716000000E+2,-2.0350015016E+0,-1.1169396906E+6,-1.9859187698E+1,-2.7517080622E+0,-1.5259959291E+6,-2.7132207620E+1
7.0723000000E+2,-2.0349007994E+0,-1.1168845582E+6,-1.9858207444E+1,-2.7515653324E+0,-1.5259167934E+6,-2.7130800586E+1
7.0730000000E+2,-2.0348001121E+0,-1.1168294339E+6,-1.9857227335E+1,-2.7514226239E+0,-1.5258376694E+6,-2.7129393762E+1
7.0737000000E+2,-2.0346994398E+0,-1.1167743178E+6,-1.9856247371E+1,-2.7512799365E+0,-1.5257585571E+6,-2.7127987146E+1
7.0744000000E+2,-2.0345987824E+0,-1.1167192099E+6,-1.9855267552E+1,-2.7511372703E+0,-1.5256794566E+6,-2.7126580738E+1
7.0751000000E+2,-2.0344981399E+0,-1.1166641101E+6,-1.9854287878E+1,-2.7509946253E+0,-1.5256003678E+6,-2.7125174540E+1
7.0758000000E+2,-2.0343975124E+0,-1.1166090185E+6,-1.9853308350E+1,-2.7508520014E+0,-1.5255212908E+6,-2.7123768550E+1
7.0765000000E+2,-2.0342968997E+0,-1.1165539351E+6,-1.9852328966E+1,-2.7507093987E+0,-1.5254422254E+6,-2.7122362768E+1
7.0772000000E+2,-2.0341963021E+0,-1.1164988598E+6,-1.9851349728E+1,-2.7505668172E+0,-1.5253631718E+6,-2.7120957195E+1
7.0779000000E+2,-2.0340957193E+0,-1.1164437927E+6,-1.9850370634E+1,-2.7504242569E+0,-1.5252841300E+6,-2.7119551831E+1
7.0786000000E+2,-2.0339951515E+0,-1.1163887337E+6,-1.9849391686E+1,-2.7502817176E+0,-1.5252050998E+6,-2.7118146675E+1
7.0793000000E+2,-2.0338945986E+0,-1.1163336829E+6,-1.9848412882E+1,-2.7501391996E+0,-1.5251260814E+6,-2.7116741727E+1
7.0800000000E+2,-2.0337940605E+0,-1.1162786402E+6,-1.9847434223E+1,-2.7499967026E+0,-1.5250470747E+6,-2.7115336988E+1
7.0807000000E+2,-2.0336935374E+0,-1.1162236057E+6,-1.9846455709E+1,-2.7498542268E+0,-1.5249680797E+6,-2.7113932457E+1
7.0814000000E+2,-2.0335930292E+0,-1.1161685793E+6,-1.9845477340E+1,-2.7497117721E+0,-1.5248890964E+6,-2.7112528134E+1
7.0821000000E+2,-2.0334925359E+0,-1.1161135610E+6,-1.9844499115E+1,-2.7495693386E+0,-1.5248101248E+6,-2.7111124019E+1
7.0828000000E+2,-2.0333920575E+0,-1.1160585509E+6,-1.9843521036E+1,-2.7494269261E+0,-1.5247311649E+6,-2.7109720112E+1
7.0835000000E+2,-2.0332915940E+0,-1.1160035490E+6,-1.9842543101E+1,-2.7492845348E+0,-1.5246522167E+6,-2.7108316414E+1
7.0842000000E+2,-2.0331911454E+0,-1.1159485551E+6,-1.9841565310E+1,-2.7491421646E+0,-1.5245732803E+6,-2.7106912923E+1
7.0849000000E+2,-2.0330907117E+0,-1.1158935694E+6,-1.9840587665E+1,-2.7489998155E+0,-1.5244943555E+6,-2.7105509640E+1
7.0856000000E+2,-2.0329902928E+0,-1.1158385919E+6,-1.9839610164E+1,-2.7488574875E+0,-1.5244154424E+6,-2.7104106565E+1
7.0863000000E+2,-2.0328898888E+0,-1.1157836224E+6,-1.9838632807E+1,-2.7487151806E+0,-1.5243365410E+6,-2.7102703698E+1
7.0870000000E+2,-2.0327894997E+0,-1.1157286611E+6,-1.9837655595E+1,-2.7485728947E+0,-1.5242576512E+6,-2.7101301039E+1
7.0877000000E+2,-2.0326891255E+0,-1.1156737080E+6,-1.9836678527E+1,-2.7484306300E+0,-1.5241787732E+6,-2.7099898588E+1
7.0884000000E+2,-2.0325887662E+0,-1.1156187629E+6,-1.9835701604E+1,-2.7482883863E+0,-1.5240999069E+6,-2.7098496344E+1
7.0891000000E+2,-2.0324884217E+0,-1.1155638260E+6,-1.9834724826E+1,-2.7481461637E+0,-1.5240210522E+6,-2.7097094308E+1
7.0898000000E+2,-2.0323880920E+0,-1.1155088971E+6,-1.9833748191E+1,-2.7480039621E+0,-1.5239422092E+6,-2.7095692479E+1
7.0905000000E+2,-2.0322877772E+0,-1.1154539764E+6,-1.9832771701E+1,-2.7478617817E+0,-1.5238633778E+6,-2.7094290858E+1
7.0912000000E+2,-2.0321874773E+0,-1.1153990639E+6,-1.9831795355E+1,-2.7477196222E+0,-1.5237845582E+6,-2.7092889445E+1
7.0919000000E+2,-2.0320871922E+0,-1.1153441594E+6,-1.9830819154E+1,-2.7475774839E+0,-1.5237057502E+6,-2.7091488238E+1
7.0926000000E+2,-2.0319869220E+0,-1.1152892630E+6,-1.9829843097E+1,-2.7474353665E+0,-1.5236269539E+6,-2.7090087240E+1
7.0933000000E+2,-2.0318866666E+0,-1.1152343748E+6,-1.9828867184E+1,-2.7472932702E+0,-1.5235481692E+6,-2.7088686448E+1
7.0940000000E+2,-2.0317864260E+0,-1.1151794947E+6,-1.9827891415E+1,-2.7471511950E+0,-1.5234693962E+6,-2.7087285864E+1
7.0947000000E+2,-2.0316862003E+0,-1.1151246226E+6,-1.9826915790E+1,-2.7470091408E+0,-1.5233906348E+6,-2.7085885487E+1
7.0954000000E+2,-2.0315859894E+0,-1.1150697587E+6,-1.9825940309E+1,-2.7468671076E+0,-1.5233118851E+6,-2.7084485317E+1
7.0961000000E+2,-2.0314857934E+0,-1.1150149029E+6,-1.9824964973E+1,-2.7467250954E+0,-1.5232331471E+6,-2.7083085355E+1
7.0968000000E+2,-2.0313856121E+0,-1.1149600551E+6,-1.9823989780E+1,-2.7465831042E+0,-1.5231544206E+6,-2.7081685599E+1
7.0975000000E+2,-2.0312854457E+0,-1.1149052155E+6,-1.9823014732E+1,-2.7464411340E+0,-1.5230757059E+6,-2.7080286051E+1
7.0982000000E+2,-2.0311852941E+0,-1.1148503840E+6,-1.9822039827E+1,-2.7462991849E+0,-1.5229970028E+6,-2.7078886709E+1
7.0989000000E+2,-2.0310851573E+0,-1.1147955605E+6,-1.9821065066E+1,-2.7461572567E+0,-1.5229183113E+6,-2.7077487574E+1
7.0996000000E+2,-2.0309850353E+0,-1.1147407452E+6,-1.9820090449E+1,-2.7460153496E+0,-1.5228396314E+6,-2.7076088646E+1
7.1003000000E+2,-2.0308849281E+0,-1.1146859379E+6,-1.9819115976E+1,-2.7458734634E+0,-1.5227609632E+6,-2.7074689925E+1
7.1010000000E+2,-2.0307848358E+0,-1.1146311388E+6,-1.9818141647E+1,-2.7457315982E+0,-1.5226823066E+6,-2.7073291411E+1
7.1017000000E+2,-2.0306847582E+0,-1.1145763477E+6,-1.9817167462E+1,-2.7455897540E+0,-1.5226036616E+6,-2.7071893104E+1
7.1024000000E+2,-2.0305846954E+0,-1.1145215647E+6,-1.9816193420E+1,-2.7454479307E+0,-1.5225250283E+6,-2.7070495003E+1
7.1031000000E+2,-2.0304846474E+0,-1.1144667898E+6,-1.9815219522E+1,-2.7453061285E+0,-1.5224464066E+6,-2.7069097109E+1
7.1038000000E+2,-2.0303846142E+0,-1.1144120229E+6,-1.9814245768E+1,-2.7451643471E+0,-1.5223677965E+6,-2.7067699421E+1
7.1045000000E+2,-2.0302845958E+0,-1.1143572642E+6,-1.9813272157E+1,-2.7450225868E+0,-1.5222891980E+6,-2.7066301940E+1
7.1052000000E+2,-2.0301845921E+0,-1.1143025135E+6,-1.9812298690E+1,-2.7448808474E+0,-1.5222106111E+6,-2.7064904665E+1
7.1059000000E+2,-2.0300846032E+0,-1.1142477709E+6,-1.9811325366E+1,-2.7447391289E+0,-1.5221320358E+6,-2.7063507597E+1
7.1066000000E+2,-2.0299846292E+0,-1.1141930363E+6,-1.9810352186E+1,-2.7445974314E+0,-1.5220534721E+6,-2.7062110735E+1
7.1073000000E+2,-2.0298846698E+0,-1.1141383099E+6,-1.9809379150E+1,-2.7444557548E+0,-1.5219749201E+6,-2.7060714079E+1
7.1080000000E+2,-2.0297847253E+0,-1.1140835915E+6,-1.9808406257E+1,-2.7443140992E+0,-1.5218963796E+6,-2.7059317630E+1
7.1087000000E+2,-2.0296847955E+0,-1.1140288812E+6,-1.9807433507E+1,-2.7441724645E+0,-1.5218178508E+6,-2.7057921387E+1
7.1094000000E+2,-2.0295848804E+0,-1.1139741789E+6,-1.9806460901E+1,-2.7440308507E+0,-1.5217393335E+6,-2.7056525350E+1
7.1101000000E+2,-2.0294849801E+0,-1.1139194847E+6,-1.9805488438E+1,-2.7438892578E+0,-1.5216608278E+6,-2.7055129519E+1
7.1108000000E+2,-2.0293850946E+0,-1.1138647985E+6,-1.9804516118E+1,-2.7437476858E+0,-1.5215823337E+6,-2.7053733894E+1
7.1115000000E+2,-2.0292852238E+0,-1.1138101205E+6,-1.9803543942E+1,-2.7436061347E+0,-1.5215038512E+6,-2.7052338475E+1
7.1122000000E+2,-2.0291853677E+0,-1.1137554504E+6,-1.9802571908E+1,-2.7434646046E+0,-1.5214253803E+6,-2.7050943262E+1
7.1129000000E+2,-2.0290855264E+0,-1.1137007884E+6,-1.9801600019E+1,-2.7433230953E+0,-1.5213469210E+6,-2.7049548255E+1
7.1136000000E+2,-2.0289856998E+0,-1.1136461345E+6,-1.9800628272E+1,-2.7431816069E+0,-1.5212684732E+6,-2.7048153454E+1
7.1143000000E+2,-2.0288858880E+0,-1.1135914886E+6,-1.9799656668E+1,-2.7430401394E+0,-1.5211900370E+6,-2.7046758858E+1
7.1150000000E+2,-2.0287860909E+0,-1.1135368508E+6,-1.9798685208E+1,-2.7428986928E+0,-1.5211116124E+6,-2.7045364469E+1
7.1157000000E+2,-2.0286863085E+0,-1.1134822210E+6,-1.9797713890E+1,-2.7427572670E+0,-1.5210331994E+6,-2.7043970285E+1
7.1164000000E+2,-2.0285865408E+0,-1.1134275993E+6,-1.9796742716E+1,-2.7426158622E+0,-1.5209547979E+6,-2.7042576307E+1
7.1171000000E+2,-2.0284867879E+0,-1.1133729856E+6,-1.9795771684E+1,-2.7424744782E+0,-1.5208764080E+6,-2.7041182534E+1
7.1178000000E+2,-2.0283870496E+0,-1.1133183800E+6,-1.9794800796E+1,-2.7423331150E+0,-1.5207980296E+6,-2.7039788967E+1
7.1185000000E+2,-2.0282873261E+0,-1.1132637824E+6,-1.9793830050E+1,-2.7421917727E+0,-1.5207196628E+6,-2.7038395605E+1
7.1192000000E+2,-2.0281876173E+0,-1.1132091928E+6,-1.9792859448E+1,-2.7420504513E+0,-1.5206413076E+6,-2.7037002449E+1
7.1199000000E+2,-2.0280879232E+0,-1.1131546112E+6,-1.9791888988E+1,-2.7419091507E+0,-1.5205629639E+6,-2.7035609498E+1
7.1206000000E+2,-2.0279882438E+0,-1.1131000377E+6,-1.9790918671E+1,-2.7417678709E+0,-1.5204846318E+6,-2.7034216753E+1
7.1213000000E+2,-2.0278885790E+0,-1.1130454723E+6,-1.9789948497E+1,-2.7416266120E+0,-1.5204063112E+6,-2.7032824213E+1
7.1220000000E+2,-2.0277889290E+0,-1.1129909148E+6,-1.9788978465E+1,-2.7414853739E+0,-1.5203280021E+6,-2.7031431878E+1
7.1227000000E+2,-2.0276892937E+0,-1.1129363654E+6,-1.9788008577E+1,-2.7413441566E+0,-1.5202497046E+6,-2.7030039748E+1
7.1234000000E+2,-2.0275896730E+0,-1.1128818240E+6,-1.9787038830E+1,-2.7412029601E+0,-1.5201714186E+6,-2.7028647823E+1
7.1241000000E+2,-2.0274900671E+0,-1.1128272906E+6,-1.9786069227E+1,-2.7410617845E+0,-1.5200931442E+6,-2.7027256104E+1
7.1248000000E+2,-2.0273904758E+0,-1.1127727653E+6,-1.9785099766E+1,-2.7409206296E+0,-1.5200148813E+6,-2.7025864589E+1
7.1255000000E+2,-2.0272908992E+0,-1.1127182479E+6,-1.9784130448E+1,-2.7407794956E+0,-1.5199366299E+6,-2.7024473280E+1
7.1262000000E+2,-2.0271913372E+0,-1.1126637386E+6,-1.9783161272E+1,-2.7406383823E+0,-1.5198583901E+6,-2.7023082175E+1
7.1269000000E+2,-2.0270917899E+0,-1.1126092373E+6,-1.9782192239E+1,-2.7404972899E+0,-1.5197801617E+6,-2.7021691276E+1
7.1276000000E+2,-2.0269922573E+0,-1.1125547440E+6,-1.9781223348E+1,-2.7403562182E+0,-1.5197019449E+6,-2.7020300581E+1
7.1283000000E+2,-2.0268927394E+0,-1.1125002587E+6,-1.9780254600E+1,-2.7402151674E+0,-1.5196237397E+6,-2.7018910091E+1
7.1290000000E+2,-2.0267932361E+0,-1.1124457815E+6,-1.9779285994E+1,-2.7400741373E+0,-1.5195455459E+6,-2.7017519806E+1
7.1297000000E+2,-2.0266937474E+0,-1.1123913122E+6,-1.9778317531E+1,-2.7399331279E+0,-1.5194673636E+6,-2.7016129725E+1
7.1304000000E+2,-2.0265942734E+0,-1.1123368509E+6,-1.9777349210E+1,-2.7397921394E+0,-1.5193891929E+6,-2.7014739849E+1
7.1311000000E+2,-2.0264948141E+0,-1.1122823977E+6,-1.9776381031E+1,-2.7396511716E+0,-1.5193110336E+6,-2.7013350178E+1
7.1318000000E+2,-2.0263953693E+0,-1.1122279524E+6,-1.9775412994E+1,-2.7395102245E+0,-1.5192328859E+6,-2.7011960711E+1
7.1325000000E+2,-2.0262959393E+0,-1.1121735152E+6,-1.9774445100E+1,-2.7393692983E+0,-1.5191547497E+6,-2.7010571449E+1
7.1332000000E+2,-2.0261965238E+0,-1.1121190859E+6,-1.9773477347E+1,-2.7392283927E+0,-1.5190766249E+6,-2.7009182391E+1
7.1339000000E+2,-2.0260971230E+0,-1.1120646646E+6,-1.9772509737E+1,-2.7390875079E+0,-1.5189985117E+6,-2.7007793538E+1
7.1346000000E+2,-2.0259977369E+0,-1.1120102514E+6,-1.9771542269E+1,-2.7389466438E+0,-1.5189204099E+6,-2.7006404889E+1
7.1353000000E+2,-2.0258983653E+0,-1.1119558461E+6,-1.9770574944E+1,-2.7388058005E+0,-1.5188423197E+6,-2.7005016444E+1
7.1360000000E+2,-2.0257990084E+0,-1.1119014488E+6,-1.9769607760E+1,-2.7386649779E+0,-1.5187642409E+6,-2.7003628203E+1
7.1367000000E+2,-2.0256996661E+0,-1.1118470595E+6,-1.9768640718E+1,-2.7385241760E+0,-1.5186861736E+6,-2.7002240167E+1
7.1374000000E+2,-2.0256003383E+0,-1.1117926782E+6,-1.9767673818E+1,-2.7383833949E+0,-1.5186081178E+6,-2.7000852334E+1
7.1381000000E+2,-2.0255010253E+0,-1.1117383049E+6,-1.9766707060E+1,-2.7382426344E+0,-1.5185300735E+6,-2.6999464706E+1
7.1388000000E+2,-2.0254017268E+0,-1.1116839395E+6,-1.9765740444E+1,-2.7381018947E+0,-1.5184520406E+6,-2.6998077282E+1
7.1395000000E+2,-2.0253024429E+0,-1.1116295821E+6,-1.9764773970E+1,-2.7379611756E+0,-1.5183740192E+6,-2.6996690062E+1
7.1402000000E+2,-2.0252031736E+0,-1.1115752327E+6,-1.9763807638E+1,-2.7378204773E+0,-1.5182960093E+6,-2.6995303046E+1
7.1409000000E+2,-2.0251039189E+0,-1.1115208913E+6,-1.9762841448E+1,-2.7376797996E+0,-1.5182180109E+6,-2.6993916233E+1
7.1416000000E+2,-2.0250046788E+0,-1.1114665579E+6,-1.9761875399E+1,-2.7375391426E+0,-1.5181400239E+6,-2.6992529625E+1
7.1423000000E+2,-2.0249054533E+0,-1.1114122324E+6,-1.9760909492E+1,-2.7373985063E+0,-1.5180620484E+6,-2.6991143220E+1
7.1430000000E+2,-2.0248062424E+0,-1.1113579149E+6,-1.9759943727E+1,-2.7372578907E+0,-1.5179840843E+6,-2.6989757019E+1
7.1437000000E+2,-2.0247070460E+0,-1.1113036054E+6,-1.9758978103E+1,-2.7371172958E+0,-1.5179061317E+6,-2.6988371022E+1
7.1444000000E+2,-2.0246078643E+0,-1.1112493038E+6,-1.9758012622E+1,-2.7369767215E+0,-1.5178281906E+6,-2.6986985228E+1
7.1451000000E+2,-2.0245086971E+0,-1.1111950102E+6,-1.9757047281E+1,-2.7368361678E+0,-1.5177502609E+6,-2.6985599638E+1
7.1458000000E+2,-2.0244095445E+0,-1.1111407245E+6,-1.9756082082E+1,-2.7366956349E+0,-1.5176723426E+6,-2.6984214252E+1
7.1465000000E+2,-2.0243104064E+0,-1.1110864469E+6,-1.9755117025E+1,-2.7365551226E+0,-1.5175944358E+6,-2.6982829069E+1
7.1472000000E+2,-2.0242112829E+0,-1.1110321771E+6,-1.9754152110E+1,-2.7364146309E+0,-1.5175165405E+6,-2.6981444089E+1
7.1479000000E+2,-2.0241121740E+0,-1.1109779154E+6,-1.9753187335E+1,-2.7362741599E+0,-1.5174386565E+6,-2.6980059313E+1
7.1486000000E+2,-2.0240130796E+0,-1.1109236616E+6,-1.9752222703E+1,-2.7361337095E+0,-1.5173607840E+6,-2.6978674740E+1
7.1493000000E+2,-2.0239139998E+0,-1.1108694157E+6,-1.9751258211E+1,-2.7359932797E+0,-1.5172829230E+6,-2.6977290371E+1
7.1500000000E+2,-2.0238149345E+0,-1.1108151778E+6,-1.9750293861E+1,-2.7358528706E+0,-1.5172050734E+6,-2.6975906204E+1
7.1507000000E+2,-2.0237158838E+0,-1.1107609478E+6,-1.9749329652E+1,-2.7357124820E+0,-1.5171272352E+6,-2.6974522241E+1
7.1514000000E+2,-2.0236168476E+0,-1.1107067258E+6,-1.9748365585E+1,-2.7355721141E+0,-1.5170494084E+6,-2.6973138481E+1
7.1521000000E+2,-2.0235178260E+0,-1.1106525117E+6,-1.9747401659E+1,-2.7354317668E+0,-1.5169715931E+6,-2.6971754924E+1
7.1528000000E+2,-2.0234188188E+0,-1.1105983056E+6,-1.9746437874E+1,-2.7352914402E+0,-1.5168937891E+6,-2.6970371571E+1
7.1535000000E+2,-2.0233198263E+0,-1.1105441074E+6,-1.9745474230E+1,-2.7351511341E+0,-1.5168159966E+6,-2.6968988420E+1
7.1542000000E+2,-2.0232208482E+0,-1.1104899172E+6,-1.9744510727E+1,-2.7350108486E+0,-1.5167382155E+6,-2.6967605472E+1
7.1549000000E+2,-2.0231218847E+0,-1.1104357349E+6,-1.9743547366E+1,-2.7348705837E+0,-1.5166604458E+6,-2.6966222727E+1
7.1556000000E+2,-2.0230229357E+0,-1.1103815605E+6,-1.9742584145E+1,-2.7347303393E+0,-1.5165826876E+6,-2.6964840185E+1
7.1563000000E+2,-2.0229240012E+0,-1.1103273940E+6,-1.9741621066E+1,-2.7345901156E+0,-1.5165049407E+6,-2.6963457845E+1
7.1570000000E+2,-2.0228250812E+0,-1.1102732355E+6,-1.9740658128E+1,-2.7344499124E+0,-1.5164272052E+6,-2.6962075709E+1
7.1577000000E+2,-2.0227261757E+0,-1.1102190849E+6,-1.9739695330E+1,-2.7343097298E+0,-1.5163494811E+6,-2.6960693775E+1
7.1584000000E+2,-2.0226272848E+0,-1.1101649423E+6,-1.9738732674E+1,-2.7341695678E+0,-1.5162717685E+6,-2.6959312043E+1
7.1591000000E+2,-2.0225284083E+0,-1.1101108075E+6,-1.9737770158E+1,-2.7340294263E+0,-1.5161940672E+6,-2.6957930515E+1
7.1598000000E+2,-2.0224295464E+0,-1.1100566807E+6,-1.9736807784E+1,-2.7338893054E+0,-1.5161163773E+6,-2.6956549189E+1
7.1605000000E+2,-2.0223306989E+0,-1.1100025618E+6,-1.9735845550E+1,-2.7337492051E+0,-1.5160386988E+6,-2.6955168065E+1
7.1612000000E+2,-2.0222318659E+0,-1.1099484509E+6,-1.9734883457E+1,-2.7336091252E+0,-1.5159610317E+6,-2.6953787144E+1
7.1619000000E+2,-2.0221330474E+0,-1.1098943478E+6,-1.9733921504E+1,-2.7334690659E+0,-1.5158833760E+6,-2.6952406425E+1
7.1626000000E+2,-2.0220342434E+0,-1.1098402527E+6,-1.9732959693E+1,-2.7333290272E+0,-1.5158057316E+6,-2.6951025908E+1
7.1633000000E+2,-2.0219354539E+0,-1.1097861655E+6,-1.9731998022E+1,-2.7331890090E+0,-1.5157280987E+6,-2.6949645594E+1
7.1640000000E+2,-2.0218366789E+0,-1.1097320862E+6,-1.9731036492E+1,-2.7330490113E+0,-1.5156504771E+6,-2.6948265482E+1
7.1647000000E+2,-2.0217379183E+0,-1.1096780148E+6,-1.9730075102E+1,-2.7329090341E+0,-1.5155728669E+6,-2.6946885573E+1
7.1654000000E+2,-2.0216391722E+0,-1.1096239513E+6,-1.9729113854E+1,-2.7327690775E+0,-1.5154952680E+6,-2.6945505865E+1
7.1661000000E+2,-2.0215404406E+0,-1.1095698957E+6,-1.9728152745E+1,-2.7326291413E+0,-1.5154176805E+6,-2.6944126360E+1
7.1668000000E+2,-2.0214417234E+0,-1.1095158480E+6,-1.9727191777E+1,-2.7324892257E+0,-1.5153401044E+6,-2.6942747056E+1
7.1675000000E+2,-2.0213430208E+0,-1.1094618082E+6,-1.9726230950E+1,-2.7323493305E+0,-1.5152625396E+6,-2.6941367955E+1
7.1682000000E+2,-2.0212443325E+0,-1.1094077763E+6,-1.9725270263E+1,-2.7322094559E+0,-1.5151849862E+6,-2.6939989055E+1
7.1689000000E+2,-2.0211456587E+0,-1.1093537524E+6,-1.9724309717E+1,-2.7320696017E+0,-1.5151074442E+6,-2.6938610358E+1
7.1696000000E+2,-2.0210469994E+0,-1.1092997363E+6,-1.9723349311E+1,-2.7319297680E+0,-1.5150299135E+6,-2.6937231862E+1
7.1703000000E+2,-2.0209483545E+0,-1.1092457281E+6,-1.9722389045E+1,-2.7317899548E+0,-1.5149523942E+6,-2.6935853568E+1
7.1710000000E+2,-2.0208497240E+0,-1.1091917278E+6,-1.9721428920E+1,-2.7316501621E+0,-1.5148748862E+6,-2.6934475476E+1
7.1717000000E+2,-2.0207511080E+0,-1.1091377354E+6,-1.9720468935E+1,-2.7315103898E+0,-1.5147973895E+6,-2.6933097586E+1
7.1724000000E+2,-2.0206525064E+0,-1.1090837509E+6,-1.9719509090E+1,-2.7313706380E+0,-1.5147199042E+6,-2.6931719897E+1
7.1731000000E+2,-2.0205539193E+0,-1.1090297742E+6,-1.9718549386E+1,-2.7312309067E+0,-1.5146424303E+6,-2.6930342410E+1
7.1738000000E+2,-2.0204553466E+0,-1.1089758055E+6,-1.9717589821E+1,-2.7310911958E+0,-1.5145649676E+6,-2.6928965124E+1
7.1745000000E+2,-2.0203567883E+0,-1.1089218446E+6,-1.9716630397E+1,-2.7309515054E+0,-1.5144875163E+6,-2.6927588040E+1
7.1752000000E+2,-2.0202582444E+0,-1.1088678916E+6,-1.9715671113E+1,-2.7308118354E+0,-1.5144100764E+6,-2.6926211158E+1
7.1759000000E+2,-2.0201597150E+0,-1.1088139465E+6,-1.9714711969E+1,-2.7306721859E+0,-1.5143326477E+6,-2.6924834476E+1
7.1766000000E+2,-2.0200612000E+0,-1.1087600093E+6,-1.9713752965E+1,-2.7305325568E+0,-1.5142552304E+6,-2.6923457997E+1
7.1773000000E+2,-2.0199626993E+0,-1.1087060799E+6,-1.9712794101E+1,-2.7303929481E+0,-1.5141778244E+6,-2.6922081718E+1
7.1780000000E+2,-2.0198642131E+0,-1.1086521584E+6,-1.9711835377E+1,-2.7302533598E+0,-1.5141004297E+6,-2.6920705641E+1
7.1787000000E+2,-2.0197657413E+0,-1.1085982448E+6,-1.9710876793E+1,-2.7301137920E+0,-1.5140230464E+6,-2.6919329765E+1
7.1794000000E+2,-2.0196672839E+0,-1.1085443391E+6,-1.9709918349E+1,-2.7299742446E+0,-1.5139456743E+6,-2.6917954090E+1
7.1801000000E+2,-2.0195688409E+0,-1.1084904412E+6,-1.9708960045E+1,-2.7298347176E+0,-1.5138683136E+6,-2.6916578616E+1
7.1808000000E+2,-2.0194704123E+0,-1.1084365512E+6,-1.9708001881E+1,-2.7296952110E+0,-1.5137909642E+6,-2.6915203343E+1
7.1815000000E+2,-2.0193719980E+0,-1.1083826691E+6,-1.9707043856E+1,-2.7295557248E+0,-1.5137136261E+6,-2.6913828272E+1
7.1822000000E+2,-2.0192735982E+0,-1.1083287948E+6,-1.9706085971E+1,-2.7294162590E+0,-1.5136362993E+6,-2.6912453401E+1
7.1829000000E+2,-2.0191752127E+0,-1.1082749284E+6,-1.9705128226E+1,-2.7292768135E+0,-1.5135589838E+6,-2.6911078731E+1
7.1836000000E+2,-2.0190768416E+0,-1.1082210698E+6,-1.9704170621E+1,-2.7291373885E+0,-1.5134816795E+6,-2.6909704262E+1
7.1843000000E+2,-2.0189784849E+0,-1.1081672191E+6,-1.9703213156E+1,-2.7289979838E+0,-1.5134043866E+6,-2.6908329994E+1
7.1850000000E+2,-2.0188801426E+0,-1.1081133762E+6,-1.9702255830E+1,-2.7288585996E+0,-1.5133271050E+6,-2.6906955927E+1
7.1857000000E+2,-2.0187818146E+0,-1.1080595412E+6,-1.9701298643E+1,-2.7287192356E+0,-1.5132498347E+6,-2.6905582060E+1
7.1864000000E+2,-2.0186835010E+0,-1.1080057141E+6,-1.9700341597E+1,-2.7285798921E+0,-1.5131725756E+6,-2.6904208395E+1
7.1871000000E+2,-2.0185852018E+0,-1.1079518948E+6,-1.9699384689E+1,-2.7284405689E+0,-1.5130953279E+6,-2.6902834929E+1
7.1878000000E+2,-2.0184869169E+0,-1.1078980833E+6,-1.9698427922E+1,-2.7283012661E+0,-1.5130180914E+6,-2.6901461665E+1
7.1885000000E+2,-2.0183886464E+0,-1.1078442797E+6,-1.9697471293E+1,-2.7281619836E+0,-1.5129408662E+6,-2.6900088600E+1
7.1892000000E+2,-2.0182903902E+0,-1.1077904839E+6,-1.9696514805E+1,-2.7280227215E+0,-1.5128636522E+6,-2.6898715737E+1
7.1899000000E+2,-2.0181921484E+0,-1.1077366960E+6,-1.9695558455E+1,-2.7278834797E+0,-1.5127864496E+6,-2.6897343073E+1
7.1906000000E+2,-2.0180939209E+0,-1.1076829159E+6,-1.9694602245E+1,-2.7277442582E+0,-1.5127092582E+6,-2.6895970611E+1
7.1913000000E+2,-2.0179957078E+0,-1.1076291437E+6,-1.9693646175E+1,-2.7276050571E+0,-1.5126320781E+6,-2.6894598348E+1
7.1920000000E+2,-2.0178975090E+0,-1.1075753793E+6,-1.9692690243E+1,-2.7274658763E+0,-1.5125549092E+6,-2.6893226286E+1
7.1927000000E+2,-2.0177993245E+0,-1.1075216227E+6,-1.9691734451E+1,-2.7273267158E+0,-1.5124777516E+6,-2.6891854424E+1
7.1934000000E+2,-2.0177011544E+0,-1.1074678739E+6,-1.9690778798E+1,-2.7271875756E+0,-1.5124006053E+6,-2.6890482762E+1
7.1941000000E+2,-2.0176029986E+0,-1.1074141330E+6,-1.9689823285E+1,-2.7270484558E+0,-1.5123234702E+6,-2.6889111300E+1
7.1948000000E+2,-2.0175048571E+0,-1.1073603999E+6,-1.9688867910E+1,-2.7269093562E+0,-1.5122463464E+6,-2.6887740039E+1
7.1955000000E+2,-2.0174067299E+0,-1.1073066746E+6,-1.9687912675E+1,-2.7267702769E+0,-1.5121692338E+6,-2.6886368977E+1
7.1962000000E+2,-2.0173086171E+0,-1.1072529572E+6,-1.9686957579E+1,-2.7266312180E+0,-1.5120921325E+6,-2.6884998116E+1
7.1969000000E+2,-2.0172105186E+0,-1.1071992476E+6,-1.9686002622E+1,-2.7264921793E+0,-1.5120150424E+6,-2.6883627454E+1
7.1976000000E+2,-2.0171124343E+0,-1.1071455457E+6,-1.9685047803E+1,-2.7263531609E+0,-1.5119379636E+6,-2.6882256993E+1
7.1983000000E+2,-2.0170143644E+0,-1.1070918518E+6,-1.9684093124E+1,-2.7262141628E+0,-1.5118608960E+6,-2.6880886731E+1
7.1990000000E+2,-2.0169163088E+0,-1.1070381656E+6,-1.9683138584E+1,-2.7260751850E+0,-1.5117838396E+6,-2.6879516669E+1
7.1997000000E+2,-2.0168182675E+0,-1.1069844872E+6,-1.9682184183E+1,-2.7259362275E+0,-1.5117067945E+6,-2.6878146806E+1
7.2004000000E+2,-2.0167202405E+0,-1.1069308167E+6,-1.9681229921E+1,-2.7257972902E+0,-1.5116297606E+6,-2.6876777144E+1
7.2011000000E+2,-2.0166222277E+0,-1.1068771539E+6,-1.9680275797E+1,-2.7256583731E+0,-1.5115527380E+6,-2.6875407681E+1
7.2018000000E+2,-2.0165242293E+0,-1.1068234990E+6,-1.9679321813E+1,-2.7255194764E+0,-1.5114757265E+6,-2.6874038418E+1
7.2025000000E+2,-2.0164262451E+0,-1.1067698519E+6,-1.9678367967E+1,-2.7253805999E+0,-1.5113987263E+6,-2.6872669354E+1
7.2032000000E+2,-2.0163282753E+0,-1.1067162126E+6,-1.9677414260E+1,-2.7252417436E+0,-1.5113217373E+6,-2.6871300490E+1
7.2039000000E+2,-2.0162303197E+0,-1.1066625811E+6,-1.9676460691E+1,-2.7251029076E+0,-1.5112447595E+6,-2.6869931825E+1
7.2046000000E+2,-2.0161323784E+0,-1.1066089574E+6,-1.9675507262E+1,-2.7249640918E+0,-1.5111677930E+6,-2.6868563359E+1
7.2053000000E+2,-2.0160344513E+0,-1.1065553414E+6,-1.9674553971E+1,-2.7248252962E+0,-1.5110908376E+6,-2.6867195093E+1
7.2060000000E+2,-2.0159365385E+0,-1.1065017333E+6,-1.9673600819E+1,-2.7246865209E+0,-1.5110138935E+6,-2.6865827027E+1
7.2067000000E+2,-2.0158386400E+0,-1.1064481330E+6,-1.9672647805E+1,-2.7245477657E+0,-1.5109369606E+6,-2.6864459159E+1
7.2074000000E+2,-2.0157407558E+0,-1.1063945405E+6,-1.9671694930E+1,-2.7244090309E+0,-1.5108600389E+6,-2.6863091491E+1
7.2081000000E+2,-2.0156428858E+0,-1.1063409557E+6,-1.9670742193E+1,-2.7242703162E+0,-1.5107831284E+6,-2.6861724022E+1
7.2088000000E+2,-2.0155450300E+0,-1.1062873788E+6,-1.9669789595E+1,-2.7241316217E+0,-1.5107062290E+6,-2.6860356752E+1
7.2095000000E+2,-2.0154471886E+0,-1.1062338096E+6,-1.9668837135E+1,-2.7239929474E+0,-1.5106293409E+6,-2.6858989681E+1
7.2102000000E+2,-2.0153493613E+0,-1.1061802483E+6,-1.9667884814E+1,-2.7238542933E+0,-1.5105524640E+6,-2.6857622810E+1
7.2109000000E+2,-2.0152515483E+0,-1.1061266947E+6,-1.9666932631E+1,-2.7237156594E+0,-1.5104755982E+6,-2.6856256137E+1
7.2116000000E+2,-2.0151537496E+0,-1.1060731489E+6,-1.9665980587E+1,-2.7235770457E+0,-1.5103987437E+6,-2.6854889663E+1
7.2123000000E+2,-2.0150559650E+0,-1.1060196108E+6,-1.9665028681E+1,-2.7234384522E+0,-1.5103219003E+6,-2.6853523388E+1
7.2130000000E+2,-2.0149581947E+0,-1.1059660806E+6,-1.9664076913E+1,-2.7232998789E+0,-1.5102450681E+6,-2.6852157312E+1
7.2137000000E+2,-2.0148604387E+0,-1.1059125581E+6,-1.9663125283E+1,-2.7231613257E+0,-1.5101682471E+6,-2.6850791434E+1
7.2144000000E+2,-2.0147626969E+0,-1.1058590434E+6,-1.9662173792E+1,-2.7230227927E+0,-1.5100914373E+6,-2.6849425756E+1
7.2151000000E+2,-2.0146649692E+0,-1.1058055365E+6,-1.9661222439E+1,-2.7228842799E+0,-1.5100146387E+6,-2.6848060276E+1
7.2158000000E+2,-2.0145672559E+0,-1.1057520373E+6,-1.9660271224E+1,-2.7227457872E+0,-1.5099378512E+6,-2.6846694994E+1
7.2165000000E+2,-2.0144695567E+0,-1.1056985459E+6,-1.9659320147E+1,-2.7226073147E+0,-1.5098610749E+6,-2.6845329912E+1
7.2172000000E+2,-2.0143718717E+0,-1.1056450623E+6,-1.9658369208E+1,-2.7224688623E+0,-1.5097843097E+6,-2.6843965027E+1
7.2179000000E+2,-2.0142742010E+0,-1.1055915865E+6,-1.9657418408E+1,-2.7223304301E+0,-1.5097075558E+6,-2.6842600342E+1
7.2186000000E+2,-2.0141765444E+0,-1.1055381184E+6,-1.9656467745E+1,-2.7221920180E+0,-1.5096308130E+6,-2.6841235854E+1
7.2193000000E+2,-2.0140789021E+0,-1.1054846581E+6,-1.9655517220E+1,-2.7220536260E+0,-1.5095540813E+6,-2.6839871566E+1
7.2200000000E+2,-2.0139812739E+0,-1.1054312055E+6,-1.9654566833E+1,-2.7219152542E+0,-1.5094773608E+6,-2.6838507475E+1
7.2207000000E+2,-2.0138836600E+0,-1.1053777607E+6,-1.9653616585E+1,-2.7217769025E+0,-1.5094006515E+6,-2.6837143583E+1
7.2214000000E+2,-2.0137860602E+0,-1.1053243236E+6,-1.9652666474E+1,-2.7216385709E+0,-1.5093239533E+6,-2.6835779889E+1
7.2221000000E+2,-2.0136884747E+0,-1.1052708943E+6,-1.9651716501E+1,-2.7215002594E+0,-1.5092472662E+6,-2.6834416393E+1
7.2228000000E+2,-2.0135909033E+0,-1.1052174728E+6,-1.9650766666E+1,-2.7213619681E+0,-1.5091705903E+6,-2.6833053096E+1
7.2235000000E+2,-2.0134933461E+0,-1.1051640590E+6,-1.9649816968E+1,-2.7212236968E+0,-1.5090939255E+6,-2.6831689996E+1
7.2242000000E+2,-2.0133958031E+0,-1.1051106529E+6,-1.9648867409E+1,-2.7210854456E+0,-1.5090172719E+6,-2.6830327095E+1
7.2249000000E+2,-2.0132982742E+0,-1.1050572546E+6,-1.9647917987E+1,-2.7209472146E+0,-1.5089406294E+6,-2.6828964391E+1
7.2256000000E+2,-2.0132007596E+0,-1.1050038640E+6,-1.9646968702E+1,-2.7208090036E+0,-1.5088639981E+6,-2.6827601886E+1
7.2263000000E+2,-2.0131032591E+0,-1.1049504812E+6,-1.9646019556E+1,-2.7206708127E+0,-1.5087873779E+6,-2.6826239578E+1
7.2270000000E+2,-2.0130057727E+0,-1.1048971061E+6,-1.9645070547E+1,-2.7205326419E+0,-1.5087107688E+6,-2.6824877469E+1
7.2277000000E+2,-2.0129083005E+0,-1.1048437388E+6,-1.9644121676E+1,-2.7203944912E+0,-1.5086341708E+6,-2.6823515557E+1
7.2284000000E+2,-2.0128108425E+0,-1.1047903792E+6,-1.9643172942E+1,-2.7202563605E+0,-1.5085575840E+6,-2.6822153843E+1
7.2291000000E+2,-2.0127133986E+0,-1.1047370273E+6,-1.9642224346E+1,-2.7201182499E+0,-1.5084810083E+6,-2.6820792327E+1
7.2298000000E+2,-2.0126159689E+0,-1.1046836832E+6,-1.9641275887E+1,-2.7199801594E+0,-1.5084044437E+6,-2.6819431008E+1
7.2305000000E+2,-2.0125185534E+0,-1.1046303468E+6,-1.9640327566E+1,-2.7198420889E+0,-1.5083278902E+6,-2.6818069887E+1
7.2312000000E+2,-2.0124211519E+0,-1.1045770181E+6,-1.9639379382E+1,-2.7197040384E+0,-1.5082513478E+6,-2.6816708964E+1
7.2319000000E+2,-2.0123237646E+0,-1.1045236972E+6,-1.9638431335E+1,-2.7195660081E+0,-1.5081748165E+6,-2.6815348238E+1
7.2326000000E+2,-2.0122263915E+0,-1.1044703839E+6,-1.9637483426E+1,-2.7194279977E+0,-1.5080982964E+6,-2.6813987710E+1
7.2333000000E+2,-2.0121290325E+0,-1.1044170784E+6,-1.9636535655E+1,-2.7192900074E+0,-1.5080217873E+6,-2.6812627379E+1
7.2340000000E+2,-2.0120316876E+0,-1.1043637807E+6,-1.9635588020E+1,-2.7191520371E+0,-1.5079452894E+6,-2.6811267245E+1
7.2347000000E+2,-2.0119343568E+0,-1.1043104906E+6,-1.9634640523E+1,-2.7190140869E+0,-1.5078688025E+6,-2.6809907309E+1
7.2354000000E+2,-2.0118370402E+0,-1.1042572083E+6,-1.9633693163E+1,-2.7188761567E+0,-1.5077923268E+6,-2.6808547570E+1
7.2361000000E+2,-2.0117397377E+0,-1.1042039336E+6,-1.9632745940E+1,-2.7187382464E+0,-1.5077158621E+6,-2.6807188028E+1
7.2368000000E+2,-2.0116424493E+0,-1.1041506667E+6,-1.9631798855E+1,-2.7186003562E+0,-1.5076394085E+6,-2.6805828684E+1
7.2375000000E+2,-2.0115451750E+0,-1.1040974075E+6,-1.9630851906E+1,-2.7184624860E+0,-1.5075629661E+6,-2.6804469537E+1
7.2382000000E+2,-2.0114479148E+0,-1.1040441561E+6,-1.9629905095E+1,-2.7183246359E+0,-1.5074865347E+6,-2.6803110587E+1
7.2389000000E+2,-2.0113506688E+0,-1.1039909123E+6,-1.9628958420E+1,-2.7181868057E+0,-1.5074101144E+6,-2.6801751833E+1
7.2396000000E+2,-2.0112534368E+0,-1.1039376762E+6,-1.9628011883E+1,-2.7180489955E+0,-1.5073337051E+6,-2.6800393277E+1
7.2403000000E+2,-2.0111562190E+0,-1.1038844479E+6,-1.9627065483E+1,-2.7179112053E+0,-1.5072573070E+6,-2.6799034918E+1
7.2410000000E+2,-2.0110590152E+0,-1.1038312272E+6,-1.9626119219E+1,-2.7177734350E+0,-1.5071809199E+6,-2.6797676756E+1
7.2417000000E+2,-2.0109618255E+0,-1.1037780142E+6,-1.9625173093E+1,-2.7176356848E+0,-1.5071045439E+6,-2.6796318791E+1
7.2424000000E+2,-2.0108646499E+0,-1.1037248090E+6,-1.9624227104E+1,-2.7174979545E+0,-1.5070281790E+6,-2.6794961022E+1
7.2431000000E+2,-2.0107674884E+0,-1.1036716114E+6,-1.9623281251E+1,-2.7173602442E+0,-1.5069518251E+6,-2.6793603450E+1
7.2438000000E+2,-2.0106703410E+0,-1.1036184216E+6,-1.9622335535E+1,-2.7172225538E+0,-1.5068754823E+6,-2.6792246075E+1
7.2445000000E+2,-2.0105732077E+0,-1.1035652394E+6,-1.9621389956E+1,-2.7170848835E+0,-1.5067991506E+6,-2.6790888897E+1
7.2452000000E+2,-2.0104760884E+0,-1.1035120649E+6,-1.9620444514E+1,-2.7169472330E+0,-1.5067228299E+6,-2.6789531915E+1
7.2459000000E+2,-2.0103789832E+0,-1.1034588981E+6,-1.9619499209E+1,-2.7168096025E+0,-1.5066465203E+6,-2.6788175130E+1
7.2466000000E+2,-2.0102818921E+0,-1.1034057390E+6,-1.9618554040E+1,-2.7166719920E+0,-1.5065702217E+6,-2.6786818542E+1
7.2473000000E+2,-2.0101848150E+0,-1.1033525876E+6,-1.9617609008E+1,-2.7165344014E+0,-1.5064939342E+6,-2.6785462150E+1
7.2480000000E+2,-2.0100877521E+0,-1.1032994439E+6,-1.9616664112E+1,-2.7163968308E+0,-1.5064176577E+6,-2.6784105954E+1
7.2487000000E+2,-2.0099907031E+0,-1.1032463078E+6,-1.9615719353E+1,-2.7162592800E+0,-1.5063413923E+6,-2.6782749955E+1
7.2494000000E+2,-2.0098936682E+0,-1.1031931795E+6,-1.9614774731E+1,-2.7161217492E+0,-1.5062651379E+6,-2.6781394152E+1
7.2501000000E+2,-2.0097966474E+0,-1.1031400588E+6,-1.9613830245E+1,-2.7159842383E+0,-1.5061888946E+6,-2.6780038545E+1
7.2508000000E+2,-2.0096996406E+0,-1.1030869458E+6,-1.9612885896E+1,-2.7158467474E+0,-1.5061126622E+6,-2.6778683135E+1
7.2515000000E+2,-2.0096026479E+0,-1.1030338404E+6,-1.9611941683E+1,-2.7157092763E+0,-1.5060364410E+6,-2.6777327921E+1
7.2522000000E+2,-2.0095056692E+0,-1.1029807428E+6,-1.9610997607E+1,-2.7155718251E+0,-1.5059602307E+6,-2.6775972903E+1
7.2529000000E+2,-2.0094087046E+0,-1.1029276528E+6,-1.9610053667E+1,-2.7154343939E+0,-1.5058840315E+6,-2.6774618081E+1
7.2536000000E+2,-2.0093117540E+0,-1.1028745705E+6,-1.9609109863E+1,-2.7152969825E+0,-1.5058078434E+6,-2.6773263455E+1
7.2543000000E+2,-2.0092148174E+0,-1.1028214958E+6,-1.9608166196E+1,-2.7151595911E+0,-1.5057316662E+6,-2.6771909025E+1
7.2550000000E+2,-2.0091178948E+0,-1.1027684289E+6,-1.9607222665E+1,-2.7150222195E+0,-1.5056555001E+6,-2.6770554791E+1
7.2557000000E+2,-2.0090209863E+0,-1.1027153695E+6,-1.9606279270E+1,-2.7148848678E+0,-1.5055793450E+6,-2.6769200753E+1
7.2564000000E+2,-2.0089240918E+0,-1.1026623179E+6,-1.9605336012E+1,-2.7147475360E+0,-1.5055032009E+6,-2.6767846911E+1
7.2571000000E+2,-2.0088272113E+0,-1.1026092739E+6,-1.9604392890E+1,-2.7146102240E+0,-1.5054270678E+6,-2.6766493265E+1
7.2578000000E+2,-2.0087303448E+0,-1.1025562376E+6,-1.9603449904E+1,-2.7144729319E+0,-1.5053509457E+6,-2.6765139815E+1
7.2585000000E+2,-2.0086334924E+0,-1.1025032089E+6,-1.9602507054E+1,-2.7143356597E+0,-1.5052748346E+6,-2.6763786560E+1
7.2592000000E+2,-2.0085366539E+0,-1.1024501879E+6,-1.9601564340E+1,-2.7141984074E+0,-1.5051987346E+6,-2.6762433501E+1
7.2599000000E+2,-2.0084398294E+0,-1.1023971745E+6,-1.9600621762E+1,-2.7140611749E+0,-1.5051226455E+6,-2.6761080638E+1
7.2606000000E+2,-2.0083430190E+0,-1.1023441688E+6,-1.9599679321E+1,-2.7139239622E+0,-1.5050465675E+6,-2.6759727970E+1
7.2613000000E+2,-2.0082462225E+0,-1.1022911707E+6,-1.9598737015E+1,-2.7137867694E+0,-1.5049705004E+6,-2.6758375498E+1
7.2620000000E+2,-2.0081494401E+0,-1.1022381803E+6,-1.9597794846E+1,-2.7136495964E+0,-1.5048944444E+6,-2.6757023221E+1
7.2627000000E+2,-2.0080526716E+0,-1.1021851975E+6,-1.9596852812E+1,-2.7135124433E+0,-1.5048183993E+6,-2.6755671140E+1
7.2634000000E+2,-2.0079559171E+0,-1.1021322224E+6,-1.9595910914E+1,-2.7133753100E+0,-1.5047423652E+6,-2.6754319254E+1
7.2641000000E+2,-2.0078591766E+0,-1.1020792549E+6,-1.9594969152E+1,-2.7132381965E+0,-1.5046663421E+6,-2.6752967563E+1
7.2648000000E+2,-2.0077624501E+0,-1.1020262951E+6,-1.9594027526E+1,-2.7131011028E+0,-1.5045903300E+6,-2.6751616068E+1
7.2655000000E+2,-2.0076657376E+0,-1.1019733428E+6,-1.9593086036E+1,-2.7129640290E+0,-1.5045143289E+6,-2.6750264768E+1
7.2662000000E+2,-2.0075690390E+0,-1.1019203983E+6,-1.9592144681E+1,-2.7128269749E+0,-1.5044383388E+6,-2.6748913663E+1
7.2669000000E+2,-2.0074723544E+0,-1.1018674613E+6,-1.9591203463E+1,-2.7126899407E+0,-1.5043623596E+6,-2.6747562754E+1
7.2676000000E+2,-2.0073756838E+0,-1.1018145320E+6,-1.9590262380E+1,-2.7125529263E+0,-1.5042863914E+6,-2.6746212039E+1
7.2683000000E+2,-2.0072790272E+0,-1.1017616104E+6,-1.9589321432E+1,-2.7124159316E+0,-1.5042104342E+6,-2.6744861520E+1
7.2690000000E+2,-2.0071823845E+0,-1.1017086963E+6,-1.9588380621E+1,-2.7122789568E+0,-1.5041344879E+6,-2.6743511195E+1
7.2697000000E+2,-2.0070857557E+0,-1.1016557899E+6,-1.9587439945E+1,-2.7121420017E+0,-1.5040585526E+6,-2.6742161066E+1
7.2704000000E+2,-2.0069891409E+0,-1.1016028911E+6,-1.9586499404E+1,-2.7120050665E+0,-1.5039826283E+6,-2.6740811132E+1
7.2711000000E+2,-2.0068925401E+0,-1.1015500000E+6,-1.9585558999E+1,-2.7118681510E+0,-1.5039067150E+6,-2.6739461392E+1
7.2718000000E+2,-2.0067959532E+0,-1.1014971164E+6,-1.9584618730E+1,-2.7117312552E+0,-1.5038308126E+6,-2.6738111847E+1
7.2725000000E+2,-2.0066993803E+0,-1.1014442405E+6,-1.9583678596E+1,-2.7115943793E+0,-1.5037549211E+6,-2.6736762497E+1
7.2732000000E+2,-2.0066028213E+0,-1.1013913722E+6,-1.9582738597E+1,-2.7114575231E+0,-1.5036790406E+6,-2.6735413342E+1
7.2739000000E+2,-2.0065062762E+0,-1.1013385115E+6,-1.9581798734E+1,-2.7113206866E+0,-1.5036031711E+6,-2.6734064382E+1
7.2746000000E+2,-2.0064097451E+0,-1.1012856584E+6,-1.9580859007E+1,-2.7111838699E+0,-1.5035273125E+6,-2.6732715616E+1
7.2753000000E+2,-2.0063132279E+0,-1.1012328130E+6,-1.9579919415E+1,-2.7110470730E+0,-1.5034514648E+6,-2.6731367045E+1
7.2760000000E+2,-2.0062167246E+0,-1.1011799751E+6,-1.9578979958E+1,-2.7109102958E+0,-1.5033756281E+6,-2.6730018668E+1
7.2767000000E+2,-2.0061202353E+0,-1.1011271449E+6,-1.9578040636E+1,-2.7107735383E+0,-1.5032998024E+6,-2.6728670486E+1
7.2774000000E+2,-2.0060237598E+0,-1.1010743223E+6,-1.9577101450E+1,-2.7106368006E+0,-1.5032239875E+6,-2.6727322498E+1
7.2781000000E+2,-2.0059272983E+0,-1.1010215072E+6,-1.9576162398E+1,-2.7105000826E+0,-1.5031481836E+6,-2.6725974705E+1
7.2788000000E+2,-2.0058308507E+0,-1.1009686998E+6,-1.9575223483E+1,-2.7103633844E+0,-1.5030723907E+6,-2.6724627106E+1
7.2795000000E+2,-2.0057344170E+0,-1.1009159000E+6,-1.9574284702E+1,-2.7102267058E+0,-1.5029966086E+6,-2.6723279702E+1
7.2802000000E+2,-2.0056379973E+0,-1.1008631078E+6,-1.9573346056E+1,-2.7100900470E+0,-1.5029208375E+6,-2.6721932491E+1
7.2809000000E+2,-2.0055415914E+0,-1.1008103231E+6,-1.9572407546E+1,-2.7099534079E+0,-1.5028450773E+6,-2.6720585475E+1
7.2816000000E+2,-2.0054451994E+0,-1.1007575461E+6,-1.9571469170E+1,-2.7098167884E+0,-1.5027693281E+6,-2.6719238653E+1
7.2823000000E+2,-2.0053488213E+0,-1.1007047767E+6,-1.9570530930E+1,-2.7096801887E+0,-1.5026935897E+6,-2.6717892026E+1
7.2830000000E+2,-2.0052524572E+0,-1.1006520149E+6,-1.9569592824E+1,-2.7095436087E+0,-1.5026178623E+6,-2.6716545592E+1
7.2837000000E+2,-2.0051561069E+0,-1.1005992606E+6,-1.9568654854E+1,-2.7094070484E+0,-1.5025421458E+6,-2.6715199352E+1
7.2844000000E+2,-2.0050597705E+0,-1.1005465140E+6,-1.9567717018E+1,-2.7092705077E+0,-1.5024664402E+6,-2.6713853307E+1
7.2851000000E+2,-2.0049634479E+0,-1.1004937749E+6,-1.9566779317E+1,-2.7091339868E+0,-1.5023907455E+6,-2.6712507455E+1
7.2858000000E+2,-2.0048671393E+0,-1.1004410434E+6,-1.9565841752E+1,-2.7089974855E+0,-1.5023150617E+6,-2.6711161797E+1
7.2865000000E+2,-2.0047708445E+0,-1.1003883195E+6,-1.9564904321E+1,-2.7088610039E+0,-1.5022393888E+6,-2.6709816333E+1
7.2872000000E+2,-2.0046745637E+0,-1.1003356032E+6,-1.9563967025E+1,-2.7087245419E+0,-1.5021637268E+6,-2.6708471063E+1
7.2879000000E+2,-2.0045782966E+0,-1.1002828945E+6,-1.9563029863E+1,-2.7085880997E+0,-1.5020880758E+6,-2.6707125987E+1
7.2886000000E+2,-2.0044820435E+0,-1.1002301933E+6,-1.9562092837E+1,-2.7084516770E+0,-1.5020124356E+6,-2.6705781104E+1
7.2893000000E+2,-2.0043858042E+0,-1.1001774997E+6,-1.9561155945E+1,-2.7083152741E+0,-1.5019368063E+6,-2.6704436416E+1
7.2900000000E+2,-2.0042895788E+0,-1.1001248137E+6,-1.9560219188E+1,-2.7081788908E+0,-1.5018611879E+6,-2.6703091920E+1
7.2907000000E+2,-2.0041933672E+0,-1.1000721353E+6,-1.9559282565E+1,-2.7080425271E+0,-1.5017855803E+6,-2.6701747619E+1
7.2914000000E+2,-2.0040971695E+0,-1.1000194644E+6,-1.9558346077E+1,-2.7079061831E+0,-1.5017099837E+6,-2.6700403510E+1
7.2921000000E+2,-2.0040009856E+0,-1.0999668011E+6,-1.9557409724E+1,-2.7077698587E+0,-1.5016343980E+6,-2.6699059596E+1
7.2928000000E+2,-2.0039048156E+0,-1.0999141454E+6,-1.9556473505E+1,-2.7076335539E+0,-1.5015588231E+6,-2.6697715874E+1
7.2935000000E+2,-2.0038086594E+0,-1.0998614972E+6,-1.9555537421E+1,-2.7074972687E+0,-1.5014832591E+6,-2.6696372347E+1
7.2942000000E+2,-2.0037125171E+0,-1.0998088566E+6,-1.9554601471E+1,-2.7073610032E+0,-1.5014077060E+6,-2.6695029012E+1
7.2949000000E+2,-2.0036163886E+0,-1.0997562236E+6,-1.9553665656E+1,-2.7072247573E+0,-1.5013321637E+6,-2.6693685871E+1
7.2956000000E+2,-2.0035202739E+0,-1.0997035981E+6,-1.9552729975E+1,-2.7070885310E+0,-1.5012566323E+6,-2.6692342923E+1
7.2963000000E+2,-2.0034241731E+0,-1.0996509802E+6,-1.9551794428E+1,-2.7069523243E+0,-1.5011811118E+6,-2.6691000168E+1
7.2970000000E+2,-2.0033280861E+0,-1.0995983699E+6,-1.9550859016E+1,-2.7068161372E+0,-1.5011056022E+6,-2.6689657607E+1
7.2977000000E+2,-2.0032320129E+0,-1.0995457670E+6,-1.9549923738E+1,-2.7066799697E+0,-1.5010301034E+6,-2.6688315238E+1
7.2984000000E+2,-2.0031359536E+0,-1.0994931718E+6,-1.9548988595E+1,-2.7065438218E+0,-1.5009546154E+6,-2.6686973063E+1
7.2991000000E+2,-2.0030399080E+0,-1.0994405841E+6,-1.9548053585E+1,-2.7064076935E+0,-1.5008791384E+6,-2.6685631080E+1
7.2998000000E+2,-2.0029438763E+0,-1.0993880039E+6,-1.9547118710E+1,-2.7062715848E+0,-1.5008036722E+6,-2.6684289291E+1
7.3005000000E+2,-2.0028478584E+0,-1.0993354313E+6,-1.9546183969E+1,-2.7061354957E+0,-1.5007282168E+6,-2.6682947694E+1
7.3012000000E+2,-2.0027518543E+0,-1.0992828663E+6,-1.9545249363E+1,-2.7059994261E+0,-1.5006527723E+6,-2.6681606291E+1
7.3019000000E+2,-2.0026558640E+0,-1.0992303088E+6,-1.9544314890E+1,-2.7058633761E+0,-1.5005773386E+6,-2.6680265080E+1
7.3026000000E+2,-2.0025598875E+0,-1.0991777588E+6,-1.9543380551E+1,-2.7057273456E+0,-1.5005019158E+6,-2.6678924062E+1
7.3033000000E+2,-2.0024639248E+0,-1.0991252164E+6,-1.9542446347E+1,-2.7055913348E+0,-1.5004265038E+6,-2.6677583237E+1
7.3040000000E+2,-2.0023679759E+0,-1.0990726815E+6,-1.9541512277E+1,-2.7054553434E+0,-1.5003511026E+6,-2.6676242604E+1
7.3047000000E+2,-2.0022720407E+0,-1.0990201541E+6,-1.9540578340E+1,-2.7053193717E+0,-1.5002757123E+6,-2.6674902165E+1
7.3054000000E+2,-2.0021761194E+0,-1.0989676343E+6,-1.9539644538E+1,-2.7051834194E+0,-1.5002003328E+6,-2.6673561917E+1
7.3061000000E+2,-2.0020802119E+0,-1.0989151220E+6,-1.9538710869E+1,-2.7050474867E+0,-1.5001249642E+6,-2.6672221863E+1
7.3068000000E+2,-2.0019843181E+0,-1.0988626173E+6,-1.9537777335E+1,-2.7049115736E+0,-1.5000496063E+6,-2.6670882000E+1
7.3075000000E+2,-2.0018884381E+0,-1.0988101200E+6,-1.9536843934E+1,-2.7047756800E+0,-1.4999742593E+6,-2.6669542331E+1
7.3082000000E+2,-2.0017925719E+0,-1.0987576303E+6,-1.9535910667E+1,-2.7046398059E+0,-1.4998989231E+6,-2.6668202853E+1
7.3089000000E+2,-2.0016967194E+0,-1.0987051482E+6,-1.9534977534E+1,-2.7045039513E+0,-1.4998235978E+6,-2.6666863569E+1
7.3096000000E+2,-2.0016008808E+0,-1.0986526735E+6,-1.9534044535E+1,-2.7043681162E+0,-1.4997482832E+6,-2.6665524476E+1
7.3103000000E+2,-2.0015050558E+0,-1.0986002064E+6,-1.9533111670E+1,-2.7042323007E+0,-1.4996729795E+6,-2.6664185576E+1
7.3110000000E+2,-2.0014092447E+0,-1.0985477468E+6,-1.9532178938E+1,-2.7040965047E+0,-1.4995976866E+6,-2.6662846868E+1
7.3117000000E+2,-2.0013134473E+0,-1.0984952947E+6,-1.9531246340E+1,-2.7039607281E+0,-1.4995224045E+6,-2.6661508352E+1
7.3124000000E+2,-2.0012176637E+0,-1.0984428501E+6,-1.9530313875E+1,-2.7038249711E+0,-1.4994471332E+6,-2.6660170028E+1
7.3131000000E+2,-2.0011218938E+0,-1.0983904131E+6,-1.9529381544E+1,-2.7036892336E+0,-1.4993718727E+6,-2.6658831896E+1
7.3138000000E+2,-2.0010261376E+0,-1.0983379835E+6,-1.9528449347E+1,-2.7035535155E+0,-1.4992966230E+6,-2.6657493957E+1
7.3145000000E+2,-2.0009303952E+0,-1.0982855615E+6,-1.9527517284E+1,-2.7034178169E+0,-1.4992213841E+6,-2.6656156209E+1
7.3152000000E+2,-2.0008346666E+0,-1.0982331470E+6,-1.9526585353E+1,-2.7032821379E+0,-1.4991461560E+6,-2.6654818654E+1
7.3159000000E+2,-2.0007389517E+0,-1.0981807400E+6,-1.9525653557E+1,-2.7031464782E+0,-1.4990709387E+6,-2.6653481290E+1
7.3166000000E+2,-2.0006432505E+0,-1.0981283405E+6,-1.9524721894E+1,-2.7030108381E+0,-1.4989957322E+6,-2.6652144118E+1
7.3173000000E+2,-2.0005475631E+0,-1.0980759485E+6,-1.9523790364E+1,-2.7028752174E+0,-1.4989205365E+6,-2.6650807138E+1
7.3180000000E+2,-2.0004518893E+0,-1.0980235640E+6,-1.9522858967E+1,-2.7027396162E+0,-1.4988453515E+6,-2.6649470350E+1
7.3187000000E+2,-2.0003562293E+0,-1.0979711870E+6,-1.9521927704E+1,-2.7026040345E+0,-1.4987701774E+6,-2.6648133754E+1
7.3194000000E+2,-2.0002605831E+0,-1.0979188175E+6,-1.9520996575E+1,-2.7024684722E+0,-1.4986950140E+6,-2.6646797349E+1
7.3201000000E+2,-2.0001649505E+0,-1.0978664555E+6,-1.9520065578E+1,-2.7023329293E+0,-1.4986198614E+6,-2.6645461136E+1
7.3208000000E+2,-2.0000693317E+0,-1.0978141010E+6,-1.9519134715E+1,-2.7021974059E+0,-1.4985447196E+6,-2.6644125114E+1
7.3215000000E+2,-1.9999737266E+0,-1.0977617540E+6,-1.9518203985E+1,-2.7020619019E+0,-1.4984695885E+6,-2.6642789284E+1
7.3222000000E+2,-1.9998781351E+0,-1.0977094144E+6,-1.9517273389E+1,-2.7019264174E+0,-1.4983944683E+6,-2.6641453646E+1
7.3229000000E+2,-1.9997825574E+0,-1.0976570824E+6,-1.9516342925E+1,-2.7017909523E+0,-1.4983193588E+6,-2.6640118199E+1
7.3236000000E+2,-1.9996869934E+0,-1.0976047579E+6,-1.9515412595E+1,-2.7016555066E+0,-1.4982442600E+6,-2.6638782943E+1
7.3243000000E+2,-1.9995914431E+0,-1.0975524408E+6,-1.9514482398E+1,-2.7015200803E+0,-1.4981691721E+6,-2.6637447879E+1
7.3250000000E+2,-1.9994959065E+0,-1.0975001312E+6,-1.9513552333E+1,-2.7013846735E+0,-1.4980940948E+6,-2.6636113006E+1
7.3257000000E+2,-1.9994003836E+0,-1.0974478292E+6,-1.9512622402E+1,-2.7012492860E+0,-1.4980190284E+6,-2.6634778325E+1
7.3264000000E+2,-1.9993048743E+0,-1.0973955345E+6,-1.9511692604E+1,-2.7011139180E+0,-1.4979439727E+6,-2.6633443834E+1
7.3271000000E+2,-1.9992093788E+0,-1.0973432474E+6,-1.9510762939E+1,-2.7009785694E+0,-1.4978689277E+6,-2.6632109535E+1
7.3278000000E+2,-1.9991138969E+0,-1.0972909678E+6,-1.9509833407E+1,-2.7008432401E+0,-1.4977938935E+6,-2.6630775427E+1
7.3285000000E+2,-1.9990184287E+0,-1.0972386956E+6,-1.9508904008E+1,-2.7007079303E+0,-1.4977188701E+6,-2.6629441510E+1
7.3292000000E+2,-1.9989229742E+0,-1.0971864309E+6,-1.9507974741E+1,-2.7005726398E+0,-1.4976438574E+6,-2.6628107784E+1
7.3299000000E+2,-1.9988275334E+0,-1.0971341737E+6,-1.9507045608E+1,-2.7004373688E+0,-1.4975688554E+6,-2.6626774249E+1
7.3306000000E+2,-1.9987321062E+0,-1.0970819239E+6,-1.9506116607E+1,-2.7003021171E+0,-1.4974938642E+6,-2.6625440905E+1
7.3313000000E+2,-1.9986366927E+0,-1.0970296816E+6,-1.9505187739E+1,-2.7001668847E+0,-1.4974188837E+6,-2.6624107752E+1
7.3320000000E+2,-1.9985412929E+0,-1.0969774468E+6,-1.9504259004E+1,-2.7000316718E+0,-1.4973439139E+6,-2.6622774790E+1
7.3327000000E+2,-1.9984459067E+0,-1.0969252194E+6,-1.9503330402E+1,-2.6998964782E+0,-1.4972689549E+6,-2.6621442018E+1
7.3334000000E+2,-1.9983505342E+0,-1.0968729996E+6,-1.9502401932E+1,-2.6997613040E+0,-1.4971940066E+6,-2.6620109438E+1
7.3341000000E+2,-1.9982551753E+0,-1.0968207871E+6,-1.9501473595E+1,-2.6996261491E+0,-1.4971190691E+6,-2.6618777048E+1
7.3348000000E+2,-1.9981598301E+0,-1.0967685822E+6,-1.9500545391E+1,-2.6994910136E+0,-1.4970441422E+6,-2.6617444849E+1
7.3355000000E+2,-1.9980644985E+0,-1.0967163846E+6,-1.9499617319E+1,-2.6993558974E+0,-1.4969692261E+6,-2.6616112840E+1
7.3362000000E+2,-1.9979691806E+0,-1.0966641946E+6,-1.9498689380E+1,-2.6992208005E+0,-1.4968943207E+6,-2.6614781022E+1
7.3369000000E+2,-1.9978738763E+0,-1.0966120120E+6,-1.9497761573E+1,-2.6990857230E+0,-1.4968194260E+6,-2.6613449395E+1
7.3376000000E+2,-1.9977785857E+0,-1.0965598368E+6,-1.9496833899E+1,-2.6989506649E+0,-1.4967445421E+6,-2.6612117958E+1
7.3383000000E+2,-1.9976833086E+0,-1.0965076691E+6,-1.9495906357E+1,-2.6988156260E+0,-1.4966696688E+6,-2.6610786711E+1
7.3390000000E+2,-1.9975880453E+0,-1.0964555089E+6,-1.9494978948E+1,-2.6986806065E+0,-1.4965948063E+6,-2.6609455655E+1
7.3397000000E+2,-1.9974927955E+0,-1.0964033561E+6,-1.9494051671E+1,-2.6985456063E+0,-1.4965199544E+6,-2.6608124790E+1
7.3404000000E+2,-1.9973975594E+0,-1.0963512107E+6,-1.9493124527E+1,-2.6984106254E+0,-1.4964451133E+6,-2.6606794114E+1
7.3411000000E+2,-1.9973023368E+0,-1.0962990728E+6,-1.9492197515E+1,-2.6982756638E+0,-1.4963702829E+6,-2.6605463629E+1
7.3418000000E+2,-1.9972071279E+0,-1.0962469423E+6,-1.9491270635E+1,-2.6981407215E+0,-1.4962954631E+6,-2.6604133334E+1
7.3425000000E+2,-1.9971119327E+0,-1.0961948193E+6,-1.9490343887E+1,-2.6980057986E+0,-1.4962206541E+6,-2.6602803230E+1
7.3432000000E+2,-1.9970167510E+0,-1.0961427037E+6,-1.9489417272E+1,-2.6978708949E+0,-1.4961458558E+6,-2.6601473315E+1
7.3439000000E+2,-1.9969215829E+0,-1.0960905956E+6,-1.9488490789E+1,-2.6977360105E+0,-1.4960710681E+6,-2.6600143591E+1
7.3446000000E+2,-1.9968264285E+0,-1.0960384948E+6,-1.9487564438E+1,-2.6976011454E+0,-1.4959962911E+6,-2.6598814056E+1
7.3453000000E+2,-1.9967312876E+0,-1.0959864016E+6,-1.9486638220E+1,-2.6974662996E+0,-1.4959215249E+6,-2.6597484712E+1
7.3460000000E+2,-1.9966361603E+0,-1.0959343157E+6,-1.9485712133E+1,-2.6973314730E+0,-1.4958467693E+6,-2.6596155558E+1
7.3467000000E+2,-1.9965410467E+0,-1.0958822373E+6,-1.9484786179E+1,-2.6971966657E+0,-1.4957720244E+6,-2.6594826593E+1
7.3474000000E+2,-1.9964459466E+0,-1.0958301663E+6,-1.9483860356E+1,-2.6970618777E+0,-1.4956972901E+6,-2.6593497818E+1
7.3481000000E+2,-1.9963508601E+0,-1.0957781027E+6,-1.9482934666E+1,-2.6969271090E+0,-1.4956225666E+6,-2.6592169234E+1
7.3488000000E+2,-1.9962557872E+0,-1.0957260466E+6,-1.9482009108E+1,-2.6967923595E+0,-1.4955478537E+6,-2.6590840839E+1
7.3495000000E+2,-1.9961607279E+0,-1.0956739978E+6,-1.9481083682E+1,-2.6966576293E+0,-1.4954731515E+6,-2.6589512633E+1
7.3502000000E+2,-1.9960656821E+0,-1.0956219565E+6,-1.9480158387E+1,-2.6965229183E+0,-1.4953984599E+6,-2.6588184618E+1
7.3509000000E+2,-1.9959706500E+0,-1.0955699226E+6,-1.9479233225E+1,-2.6963882265E+0,-1.4953237791E+6,-2.6586856792E+1
7.3516000000E+2,-1.9958756314E+0,-1.0955178962E+6,-1.9478308194E+1,-2.6962535540E+0,-1.4952491088E+6,-2.6585529155E+1
7.3523000000E+2,-1.9957806263E+0,-1.0954658771E+6,-1.9477383295E+1,-2.6961189008E+0,-1.4951744493E+6,-2.6584201708E+1
7.3530000000E+2,-1.9956856349E+0,-1.0954138655E+6,-1.9476458528E+1,-2.6959842667E+0,-1.4950998004E+6,-2.6582874451E+1
7.3537000000E+2,-1.9955906570E+0,-1.0953618613E+6,-1.9475533893E+1,-2.6958496519E+0,-1.4950251622E+6,-2.6581547383E+1
7.3544000000E+2,-1.9954956927E+0,-1.0953098645E+6,-1.9474609390E+1,-2.6957150563E+0,-1.4949505346E+6,-2.6580220505E+1
7.3551000000E+2,-1.9954007419E+0,-1.0952578750E+6,-1.9473685018E+1,-2.6955804800E+0,-1.4948759176E+6,-2.6578893816E+1
7.3558000000E+2,-1.9953058046E+0,-1.0952058930E+6,-1.9472760778E+1,-2.6954459228E+0,-1.4948013114E+6,-2.6577567316E+1
7.3565000000E+2,-1.9952108810E+0,-1.0951539184E+6,-1.9471836670E+1,-2.6953113848E+0,-1.4947267157E+6,-2.6576241006E+1
7.3572000000E+2,-1.9951159708E+0,-1.0951019513E+6,-1.9470912693E+1,-2.6951768661E+0,-1.4946521307E+6,-2.6574914884E+1
7.3579000000E+2,-1.9950210742E+0,-1.0950499915E+6,-1.9469988848E+1,-2.6950423665E+0,-1.4945775564E+6,-2.6573588952E+1
7.3586000000E+2,-1.9949261912E+0,-1.0949980391E+6,-1.9469065135E+1,-2.6949078862E+0,-1.4945029927E+6,-2.6572263209E+1
7.3593000000E+2,-1.9948313217E+0,-1.0949460941E+6,-1.9468141553E+1,-2.6947734250E+0,-1.4944284396E+6,-2.6570937656E+1
7.3600000000E+2,-1.9947364657E+0,-1.0948941565E+6,-1.9467218102E+1,-2.6946389830E+0,-1.4943538971E+6,-2.6569612291E+1
7.3607000000E+2,-1.9946416232E+0,-1.0948422263E+6,-1.9466294783E+1,-2.6945045602E+0,-1.4942793653E+6,-2.6568287115E+1
7.3614000000E+2,-1.9945467943E+0,-1.0947903035E+6,-1.9465371596E+1,-2.6943701566E+0,-1.4942048441E+6,-2.6566962128E+1
7.3621000000E+2,-1.9944519789E+0,-1.0947383881E+6,-1.9464448540E+1,-2.6942357722E+0,-1.4941303335E+6,-2.6565637330E+1
7.3628000000E+2,-1.9943571770E+0,-1.0946864800E+6,-1.9463525615E+1,-2.6941014069E+0,-1.4940558336E+6,-2.6564312722E+1
7.3635000000E+2,-1.9942623887E+0,-1.0946345794E+6,-1.9462602821E+1,-2.6939670608E+0,-1.4939813443E+6,-2.6562988301E+1
7.3642000000E+2,-1.9941676138E+0,-1.0945826861E+6,-1.9461680159E+1,-2.6938327338E+0,-1.4939068656E+6,-2.6561664070E+1
7.3649000000E+2,-1.9940728525E+0,-1.0945308003E+6,-1.9460757629E+1,-2.6936984260E+0,-1.4938323975E+6,-2.6560340027E+1
7.3656000000E+2,-1.9939781046E+0,-1.0944789218E+6,-1.9459835229E+1,-2.6935641373E+0,-1.4937579400E+6,-2.6559016174E+1
7.3663000000E+2,-1.9938833703E+0,-1.0944270507E+6,-1.9458912961E+1,-2.6934298678E+0,-1.4936834932E+6,-2.6557692508E+1
7.3670000000E+2,-1.9937886495E+0,-1.0943751869E+6,-1.9457990824E+1,-2.6932956174E+0,-1.4936090569E+6,-2.6556369032E+1
7.3677000000E+2,-1.9936939422E+0,-1.0943233306E+6,-1.9457068818E+1,-2.6931613862E+0,-1.4935346312E+6,-2.6555045744E+1
7.3684000000E+2,-1.9935992483E+0,-1.0942714816E+6,-1.9456146943E+1,-2.6930271741E+0,-1.4934602162E+6,-2.6553722644E+1
7.3691000000E+2,-1.9935045680E+0,-1.0942196400E+6,-1.9455225199E+1,-2.6928929811E+0,-1.4933858117E+6,-2.6552399733E+1
7.3698000000E+2,-1.9934099011E+0,-1.0941678058E+6,-1.9454303586E+1,-2.6927588072E+0,-1.4933114179E+6,-2.6551077010E+1
7.3705000000E+2,-1.9933152478E+0,-1.0941159789E+6,-1.9453382105E+1,-2.6926246524E+0,-1.4932370346E+6,-2.6549754476E+1
7.3712000000E+2,-1.9932206079E+0,-1.0940641594E+6,-1.9452460754E+1,-2.6924905168E+0,-1.4931626620E+6,-2.6548432130E+1
7.3719000000E+2,-1.9931259815E+0,-1.0940123473E+6,-1.9451539534E+1,-2.6923564003E+0,-1.4930882999E+6,-2.6547109972E+1
7.3726000000E+2,-1.9930313686E+0,-1.0939605425E+6,-1.9450618446E+1,-2.6922223029E+0,-1.4930139484E+6,-2.6545788003E+1
7.3733000000E+2,-1.9929367691E+0,-1.0939087451E+6,-1.9449697488E+1,-2.6920882245E+0,-1.4929396075E+6,-2.6544466222E+1
7.3740000000E+2,-1.9928421831E+0,-1.0938569551E+6,-1.9448776661E+1,-2.6919541653E+0,-1.4928652772E+6,-2.6543144629E+1
7.3747000000E+2,-1.9927476106E+0,-1.0938051724E+6,-1.9447855965E+1,-2.6918201251E+0,-1.4927909575E+6,-2.6541823224E+1
7.3754000000E+2,-1.9926530515E+0,-1.0937533971E+6,-1.9446935400E+1,-2.6916861041E+0,-1.4927166483E+6,-2.6540502007E+1
7.3761000000E+2,-1.9925585059E+0,-1.0937016291E+6,-1.9446014965E+1,-2.6915521021E+0,-1.4926423497E+6,-2.6539180978E+1
7.3768000000E+2,-1.9924639738E+0,-1.0936498685E+6,-1.9445094662E+1,-2.6914181192E+0,-1.4925680617E+6,-2.6537860137E+1
7.3775000000E+2,-1.9923694551E+0,-1.0935981152E+6,-1.9444174489E+1,-2.6912841554E+0,-1.4924937843E+6,-2.6536539484E+1
7.3782000000E+2,-1.9922749499E+0,-1.0935463693E+6,-1.9443254446E+1,-2.6911502106E+0,-1.4924195174E+6,-2.6535219019E+1
7.3789000000E+2,-1.9921804581E+0,-1.0934946307E+6,-1.9442334535E+1,-2.6910162849E+0,-1.4923452611E+6,-2.6533898742E+1
7.3796000000E+2,-1.9920859797E+0,-1.0934428995E+6,-1.9441414754E+1,-2.6908823782E+0,-1.4922710153E+6,-2.6532578653E+1
7.3803000000E+2,-1.9919915148E+0,-1.0933911757E+6,-1.9440495103E+1,-2.6907484906E+0,-1.4921967802E+6,-2.6531258751E+1
7.3810000000E+2,-1.9918970633E+0,-1.0933394591E+6,-1.9439575584E+1,-2.6906146221E+0,-1.4921225555E+6,-2.6529939037E+1
7.3817000000E+2,-1.9918026253E+0,-1.0932877500E+6,-1.9438656194E+1,-2.6904807726E+0,-1.4920483415E+6,-2.6528619511E+1
7.3824000000E+2,-1.9917082007E+0,-1.0932360481E+6,-1.9437736936E+1,-2.6903469421E+0,-1.4919741379E+6,-2.6527300173E+1
7.3831000000E+2,-1.9916137895E+0,-1.0931843536E+6,-1.9436817807E+1,-2.6902131307E+0,-1.4918999450E+6,-2.6525981022E+1
7.3838000000E+2,-1.9915193918E+0,-1.0931326665E+6,-1.9435898810E+1,-2.6900793383E+0,-1.4918257625E+6,-2.6524662058E+1
7.3845000000E+2,-1.9914250074E+0,-1.0930809866E+6,-1.9434979942E+1,-2.6899455650E+0,-1.4917515907E+6,-2.6523343282E+1
7.3852000000E+2,-1.9913306365E+0,-1.0930293141E+6,-1.9434061205E+1,-2.6898118106E+0,-1.4916774293E+6,-2.6522024694E+1
7.3859000000E+2,-1.9912362790E+0,-1.0929776490E+6,-1.9433142598E+1,-2.6896780753E+0,-1.4916032785E+6,-2.6520706292E+1
7.3866000000E+2,-1.9911419349E+0,-1.0929259911E+6,-1.9432224122E+1,-2.6895443590E+0,-1.4915291383E+6,-2.6519388079E+1
7.3873000000E+2,-1.9910476042E+0,-1.0928743406E+6,-1.9431305776E+1,-2.6894106617E+0,-1.4914550086E+6,-2.6518070052E+1
7.3880000000E+2,-1.9909532870E+0,-1.0928226974E+6,-1.9430387560E+1,-2.6892769834E+0,-1.4913808894E+6,-2.6516752213E+1
7.3887000000E+2,-1.9908589831E+0,-1.0927710616E+6,-1.9429469475E+1,-2.6891433240E+0,-1.4913067807E+6,-2.6515434561E+1
7.3894000000E+2,-1.9907646926E+0,-1.0927194330E+6,-1.9428551520E+1,-2.6890096837E+0,-1.4912326826E+6,-2.6514117096E+1
7.3901000000E+2,-1.9906704156E+0,-1.0926678118E+6,-1.9427633694E+1,-2.6888760624E+0,-1.4911585950E+6,-2.6512799819E+1
7.3908000000E+2,-1.9905761519E+0,-1.0926161979E+6,-1.9426715999E+1,-2.6887424601E+0,-1.4910845179E+6,-2.6511482728E+1
7.3915000000E+2,-1.9904819016E+0,-1.0925645914E+6,-1.9425798434E+1,-2.6886088767E+0,-1.4910104513E+6,-2.6510165825E+1
7.3922000000E+2,-1.9903876647E+0,-1.0925129921E+6,-1.9424881000E+1,-2.6884753124E+0,-1.4909363953E+6,-2.6508849108E+1
7.3929000000E+2,-1.9902934411E+0,-1.0924614002E+6,-1.9423963695E+1,-2.6883417669E+0,-1.4908623498E+6,-2.6507532579E+1
7.3936000000E+2,-1.9901992310E+0,-1.0924098155E+6,-1.9423046520E+1,-2.6882082405E+0,-1.4907883147E+6,-2.6506216236E+1
7.3943000000E+2,-1.9901050342E+0,-1.0923582382E+6,-1.9422129475E+1,-2.6880747330E+0,-1.4907142902E+6,-2.6504900080E+1
7.3950000000E+2,-1.9900108508E+0,-1.0923066682E+6,-1.9421212561E+1,-2.6879412445E+0,-1.4906402762E+6,-2.6503584111E+1
7.3957000000E+2,-1.9899166808E+0,-1.0922551055E+6,-1.9420295776E+1,-2.6878077750E+0,-1.4905662727E+6,-2.6502268329E+1
7.3964000000E+2,-1.9898225242E+0,-1.0922035501E+6,-1.9419379121E+1,-2.6876743244E+0,-1.4904922797E+6,-2.6500952734E+1
7.3971000000E+2,-1.9897283809E+0,-1.0921520020E+6,-1.9418462596E+1,-2.6875408927E+0,-1.4904182973E+6,-2.6499637325E+1
7.3978000000E+2,-1.9896342510E+0,-1.0921004612E+6,-1.9417546200E+1,-2.6874074800E+0,-1.4903443253E+6,-2.6498322103E+1
7.3985000000E+2,-1.9895401344E+0,-1.0920489277E+6,-1.9416629935E+1,-2.6872740862E+0,-1.4902703638E+6,-2.6497007068E+1
7.3992000000E+2,-1.9894460312E+0,-1.0919974015E+6,-1.9415713799E+1,-2.6871407113E+0,-1.4901964128E+6,-2.6495692219E+1
7.3999000000E+2,-1.9893519413E+0,-1.0919458826E+6,-1.9414797793E+1,-2.6870073554E+0,-1.4901224722E+6,-2.6494377556E+1
7.4006000000E+2,-1.9892578648E+0,-1.0918943710E+6,-1.9413881917E+1,-2.6868740184E+0,-1.4900485422E+6,-2.6493063081E+1
7.4013000000E+2,-1.9891638016E+0,-1.0918428667E+6,-1.9412966170E+1,-2.6867407003E+0,-1.4899746227E+6,-2.6491748791E+1
7.4020000000E+2,-1.9890697518E+0,-1.0917913697E+6,-1.9412050553E+1,-2.6866074011E+0,-1.4899007136E+6,-2.6490434688E+1
7.4027000000E+2,-1.9889757153E+0,-1.0917398800E+6,-1.9411135066E+1,-2.6864741209E+0,-1.4898268150E+6,-2.6489120771E+1
7.4034000000E+2,-1.9888816921E+0,-1.0916883975E+6,-1.9410219708E+1,-2.6863408595E+0,-1.4897529269E+6,-2.6487807041E+1
7.4041000000E+2,-1.9887876823E+0,-1.0916369224E+6,-1.9409304480E+1,-2.6862076170E+0,-1.4896790493E+6,-2.6486493497E+1
7.4048000000E+2,-1.9886936858E+0,-1.0915854545E+6,-1.9408389381E+1,-2.6860743935E+0,-1.4896051822E+6,-2.6485180139E+1
7.4055000000E+2,-1.9885997027E+0,-1.0915339939E+6,-1.9407474412E+1,-2.6859411888E+0,-1.4895313255E+6,-2.6483866967E+1
7.4062000000E+2,-1.9885057328E+0,-1.0914825406E+6,-1.9406559573E+1,-2.6858080030E+0,-1.4894574793E+6,-2.6482553981E+1
7.4069000000E+2,-1.9884117763E+0,-1.0914310946E+6,-1.9405644862E+1,-2.6856748361E+0,-1.4893836435E+6,-2.6481241182E+1
7.4076000000E+2,-1.9883178331E+0,-1.0913796559E+6,-1.9404730282E+1,-2.6855416881E+0,-1.4893098182E+6,-2.6479928568E+1
7.4083000000E+2,-1.9882239032E+0,-1.0913282244E+6,-1.9403815830E+1,-2.6854085590E+0,-1.4892360034E+6,-2.6478616141E+1
7.4090000000E+2,-1.9881299866E+0,-1.0912768002E+6,-1.9402901508E+1,-2.6852754487E+0,-1.4891621990E+6,-2.6477303899E+1
7.4097000000E+2,-1.9880360834E+0,-1.0912253833E+6,-1.9401987315E+1,-2.6851423573E+0,-1.4890884051E+6,-2.6475991843E+1
7.4104000000E+2,-1.9879421934E+0,-1.0911739737E+6,-1.9401073252E+1,-2.6850092847E+0,-1.4890146217E+6,-2.6474679973E+1
7.4111000000E+2,-1.9878483167E+0,-1.0911225713E+6,-1.9400159317E+1,-2.6848762310E+0,-1.4889408487E+6,-2.6473368289E+1
7.4118000000E+2,-1.9877544534E+0,-1.0910711762E+6,-1.9399245512E+1,-2.6847431962E+0,-1.4888670861E+6,-2.6472056791E+1
7.4125000000E+2,-1.9876606033E+0,-1.0910197883E+6,-1.9398331837E+1,-2.6846101802E+0,-1.4887933340E+6,-2.6470745479E+1
7.4132000000E+2,-1.9875667665E+0,-1.0909684078E+6,-1.9397418290E+1,-2.6844771830E+0,-1.4887195923E+6,-2.6469434352E+1
7.4139000000E+2,-1.9874729430E+0,-1.0909170344E+6,-1.9396504872E+1,-2.6843442047E+0,-1.4886458611E+6,-2.6468123411E+1
7.4146000000E+2,-1.9873791328E+0,-1.0908656684E+6,-1.9395591584E+1,-2.6842112452E+0,-1.4885721403E+6,-2.6466812655E+1
7.4153000000E+2,-1.9872853359E+0,-1.0908143096E+6,-1.9394678425E+1,-2.6840783045E+0,-1.4884984300E+6,-2.6465502085E+1
7.4160000000E+2,-1.9871915522E+0,-1.0907629581E+6,-1.9393765394E+1,-2.6839453827E+0,-1.4884247300E+6,-2.6464191700E+1
7.4167000000E+2,-1.9870977819E+0,-1.0907116138E+6,-1.9392852493E+1,-2.6838124797E+0,-1.4883510406E+6,-2.6462881501E+1
7.4174000000E+2,-1.9870040248E+0,-1.0906602767E+6,-1.9391939721E+1,-2.6836795955E+0,-1.4882773615E+6,-2.6461571487E+1
7.4181000000E+2,-1.9869102810E+0,-1.0906089470E+6,-1.9391027077E+1,-2.6835467301E+0,-1.4882036929E+6,-2.6460261659E+1
7.4188000000E+2,-1.9868165504E+0,-1.0905576244E+6,-1.9390114563E+1,-2.6834138836E+0,-1.4881300347E+6,-2.6458952016E+1
7.4195000000E+2,-1.9867228331E+0,-1.0905063092E+6,-1.9389202177E+1,-2.6832810558E+0,-1.4880563869E+6,-2.6457642559E+1
7.4202000000E+2,-1.9866291291E+0,-1.0904550011E+6,-1.9388289920E+1,-2.6831482468E+0,-1.4879827495E+6,-2.6456333286E+1
7.4209000000E+2,-1.9865354383E+0,-1.0904037004E+6,-1.9387377792E+1,-2.6830154566E+0,-1.4879091225E+6,-2.6455024199E+1
7.4216000000E+2,-1.9864417608E+0,-1.0903524068E+6,-1.9386465793E+1,-2.6828826852E+0,-1.4878355060E+6,-2.6453715297E+1
7.4223000000E+2,-1.9863480965E+0,-1.0903011205E+6,-1.9385553923E+1,-2.6827499326E+0,-1.4877618999E+6,-2.6452406580E+1
7.4230000000E+2,-1.9862544455E+0,-1.0902498415E+6,-1.9384642181E+1,-2.6826171988E+0,-1.4876883042E+6,-2.6451098048E+1
7.4237000000E+2,-1.9861608077E+0,-1.0901985697E+6,-1.9383730568E+1,-2.6824844837E+0,-1.4876147188E+6,-2.6449789701E+1
7.4244000000E+2,-1.9860671832E+0,-1.0901473051E+6,-1.9382819084E+1,-2.6823517875E+0,-1.4875411439E+6,-2.6448481539E+1
7.4251000000E+2,-1.9859735719E+0,-1.0900960477E+6,-1.9381907729E+1,-2.6822191100E+0,-1.4874675794E+6,-2.6447173562E+1
7.4258000000E+2,-1.9858799738E+0,-1.0900447976E+6,-1.9380996502E+1,-2.6820864512E+0,-1.4873940253E+6,-2.6445865770E+1
7.4265000000E+2,-1.9857863890E+0,-1.0899935547E+6,-1.9380085403E+1,-2.6819538112E+0,-1.4873204816E+6,-2.6444558163E+1
7.4272000000E+2,-1.9856928174E+0,-1.0899423191E+6,-1.9379174433E+1,-2.6818211900E+0,-1.4872469483E+6,-2.6443250741E+1
7.4279000000E+2,-1.9855992590E+0,-1.0898910907E+6,-1.9378263592E+1,-2.6816885875E+0,-1.4871734254E+6,-2.6441943503E+1
7.4286000000E+2,-1.9855057138E+0,-1.0898398695E+6,-1.9377352879E+1,-2.6815560037E+0,-1.4870999128E+6,-2.6440636450E+1
7.4293000000E+2,-1.9854121819E+0,-1.0897886555E+6,-1.9376442295E+1,-2.6814234387E+0,-1.4870264107E+6,-2.6439329582E+1
7.4300000000E+2,-1.9853186632E+0,-1.0897374488E+6,-1.9375531839E+1,-2.6812908925E+0,-1.4869529189E+6,-2.6438022898E+1
7.4307000000E+2,-1.9852251577E+0,-1.0896862492E+6,-1.9374621512E+1,-2.6811583649E+0,-1.4868794375E+6,-2.6436716400E+1
7.4314000000E+2,-1.9851316654E+0,-1.0896350569E+6,-1.9373711312E+1,-2.6810258561E+0,-1.4868059665E+6,-2.6435410085E+1
7.4321000000E+2,-1.9850381863E+0,-1.0895838719E+6,-1.9372801242E+1,-2.6808933661E+0,-1.4867325059E+6,-2.6434103955E+1
7.4328000000E+2,-1.9849447205E+0,-1.0895326940E+6,-1.9371891299E+1,-2.6807608947E+0,-1.4866590557E+6,-2.6432798010E+1
7.4335000000E+2,-1.9848512678E+0,-1.0894815233E+6,-1.9370981485E+1,-2.6806284420E+0,-1.4865856158E+6,-2.6431492249E+1
7.4342000000E+2,-1.9847578283E+0,-1.0894303599E+6,-1.9370071799E+1,-2.6804960081E+0,-1.4865121863E+6,-2.6430186672E+1
7.4349000000E+2,-1.9846644020E+0,-1.0893792037E+6,-1.9369162241E+1,-2.6803635929E+0,-1.4864387671E+6,-2.6428881280E+1
7.4356000000E+2,-1.9845709889E+0,-1.0893280547E+6,-1.9368252812E+1,-2.6802311963E+0,-1.4863653584E+6,-2.6427576072E+1
7.4363000000E+2,-1.9844775890E+0,-1.0892769129E+6,-1.9367343511E+1,-2.6800988185E+0,-1.4862919599E+6,-2.6426271048E+1
7.4370000000E+2,-1.9843842023E+0,-1.0892257783E+6,-1.9366434337E+1,-2.6799664593E+0,-1.4862185719E+6,-2.6424966208E+1
7.4377000000E+2,-1.9842908288E+0,-1.0891746509E+6,-1.9365525292E+1,-2.6798341189E+0,-1.4861451942E+6,-2.6423661553E+1
7.4384000000E+2,-1.9841974684E+0,-1.0891235307E+6,-1.9364616375E+1,-2.6797017971E+0,-1.4860718269E+6,-2.6422357082E+1
7.4391000000E+2,-1.9841041212E+0,-1.0890724177E+6,-1.9363707586E+1,-2.6795694940E+0,-1.4859984699E+6,-2.6421052794E+1
7.4398000000E+2,-1.9840107872E+0,-1.0890213119E+6,-1.9362798925E+1,-2.6794372096E+0,-1.4859251232E+6,-2.6419748691E+1
7.4405000000E+2,-1.9839174664E+0,-1.0889702133E+6,-1.9361890392E+1,-2.6793049438E+0,-1.4858517869E+6,-2.6418444772E+1
7.4412000000E+2,-1.9838241587E+0,-1.0889191219E+6,-1.9360981987E+1,-2.6791726968E+0,-1.4857784610E+6,-2.6417141037E+1
7.4419000000E+2,-1.9837308642E+0,-1.0888680377E+6,-1.9360073710E+1,-2.6790404683E+0,-1.4857051454E+6,-2.6415837485E+1
7.4426000000E+2,-1.9836375829E+0,-1.0888169607E+6,-1.9359165561E+1,-2.6789082586E+0,-1.4856318401E+6,-2.6414534118E+1
7.4433000000E+2,-1.9835443147E+0,-1.0887658908E+6,-1.9358257539E+1,-2.6787760675E+0,-1.4855585452E+6,-2.6413230934E+1
7.4440000000E+2,-1.9834510597E+0,-1.0887148282E+6,-1.9357349646E+1,-2.6786438950E+0,-1.4854852606E+6,-2.6411927934E+1
7.4447000000E+2,-1.9833578178E+0,-1.0886637728E+6,-1.9356441880E+1,-2.6785117412E+0,-1.4854119864E+6,-2.6410625118E+1
7.4454000000E+2,-1.9832645891E+0,-1.0886127245E+6,-1.9355534242E+1,-2.6783796060E+0,-1.4853387224E+6,-2.6409322485E+1
7.4461000000E+2,-1.9831713735E+0,-1.0885616835E+6,-1.9354626732E+1,-2.6782474894E+0,-1.4852654689E+6,-2.6408020036E+1
7.4468000000E+2,-1.9830781711E+0,-1.0885106496E+6,-1.9353719349E+1,-2.6781153915E+0,-1.4851922256E+6,-2.6406717771E+1
7.4475000000E+2,-1.9829849818E+0,-1.0884596229E+6,-1.9352812094E+1,-2.6779833122E+0,-1.4851189926E+6,-2.6405415689E+1
7.4482000000E+2,-1.9828918056E+0,-1.0884086033E+6,-1.9351904967E+1,-2.6778512516E+0,-1.4850457700E+6,-2.6404113791E+1
7.4489000000E+2,-1.9827986426E+0,-1.0883575910E+6,-1.9350997968E+1,-2.6777192095E+0,-1.4849725577E+6,-2.6402812076E+1
7.4496000000E+2,-1.9827054927E+0,-1.0883065858E+6,-1.9350091096E+1,-2.6775871861E+0,-1.4848993557E+6,-2.6401510545E+1
7.4503000000E+2,-1.9826123559E+0,-1.0882555878E+6,-1.9349184351E+1,-2.6774551812E+0,-1.4848261641E+6,-2.6400209197E+1
7.4510000000E+2,-1.9825192322E+0,-1.0882045970E+6,-1.9348277734E+1,-2.6773231950E+0,-1.4847529827E+6,-2.6398908032E+1
7.4517000000E+2,-1.9824261217E+0,-1.0881536133E+6,-1.9347371245E+1,-2.6771912274E+0,-1.4846798116E+6,-2.6397607051E+1
7.4524000000E+2,-1.9823330243E+0,-1.0881026368E+6,-1.9346464883E+1,-2.6770592784E+0,-1.4846066509E+6,-2.6396306253E+1
7.4531000000E+2,-1.9822399400E+0,-1.0880516675E+6,-1.9345558649E+1,-2.6769273479E+0,-1.4845335004E+6,-2.6395005638E+1
7.4538000000E+2,-1.9821468688E+0,-1.0880007054E+6,-1.9344652542E+1,-2.6767954361E+0,-1.4844603603E+6,-2.6393705206E+1
7.4545000000E+2,-1.9820538107E+0,-1.0879497504E+6,-1.9343746562E+1,-2.6766635428E+0,-1.4843872305E+6,-2.6392404958E+1
7.4552000000E+2,-1.9819607658E+0,-1.0878988026E+6,-1.9342840710E+1,-2.6765316681E+0,-1.4843141109E+6,-2.6391104892E+1
7.4559000000E+2,-1.9818677339E+0,-1.0878478619E+6,-1.9341934985E+1,-2.6763998120E+0,-1.4842410017E+6,-2.6389805010E+1
7.4566000000E+2,-1.9817747151E+0,-1.0877969284E+6,-1.9341029387E+1,-2.6762679745E+0,-1.4841679027E+6,-2.6388505310E+1
7.4573000000E+2,-1.9816817094E+0,-1.0877460021E+6,-1.9340123916E+1,-2.6761361555E+0,-1.4840948140E+6,-2.6387205794E+1
7.4580000000E+2,-1.9815887169E+0,-1.0876950829E+6,-1.9339218573E+1,-2.6760043551E+0,-1.4840217357E+6,-2.6385906460E+1
7.4587000000E+2,-1.9814957374E+0,-1.0876441708E+6,-1.9338313357E+1,-2.6758725732E+0,-1.4839486676E+6,-2.6384607309E+1
7.4594000000E+2,-1.9814027710E+0,-1.0875932659E+6,-1.9337408268E+1,-2.6757408099E+0,-1.4838756097E+6,-2.6383308341E+1
7.4601000000E+2,-1.9813098177E+0,-1.0875423682E+6,-1.9336503307E+1,-2.6756090651E+0,-1.4838025622E+6,-2.6382009556E+1
7.4608000000E+2,-1.9812168774E+0,-1.0874914776E+6,-1.9335598472E+1,-2.6754773389E+0,-1.4837295250E+6,-2.6380710954E+1
7.4615000000E+2,-1.9811239503E+0,-1.0874405942E+6,-1.9334693765E+1,-2.6753456312E+0,-1.4836564980E+6,-2.6379412534E+1
7.4622000000E+2,-1.9810310362E+0,-1.0873897179E+6,-1.9333789184E+1,-2.6752139421E+0,-1.4835834813E+6,-2.6378114297E+1
7.4629000000E+2,-1.9809381352E+0,-1.0873388488E+6,-1.9332884731E+1,-2.6750822715E+0,-1.4835104748E+6,-2.6376816242E+1
7.4636000000E+2,-1.9808452472E+0,-1.0872879868E+6,-1.9331980405E+1,-2.6749506194E+0,-1.4834374787E+6,-2.6375518371E+1
7.4643000000E+2,-1.9807523723E+0,-1.0872371319E+6,-1.9331076205E+1,-2.6748189858E+0,-1.4833644928E+6,-2.6374220681E+1
7.4650000000E+2,-1.9806595105E+0,-1.0871862842E+6,-1.9330172133E+1,-2.6746873708E+0,-1.4832915171E+6,-2.6372923174E+1
7.4657000000E+2,-1.9805666618E+0,-1.0871354436E+6,-1.9329268187E+1,-2.6745557742E+0,-1.4832185517E+6,-2.6371625850E+1
7.4664000000E+2,-1.9804738261E+0,-1.0870846101E+6,-1.9328364368E+1,-2.6744241962E+0,-1.4831455966E+6,-2.6370328708E+1
7.4671000000E+2,-1.9803810034E+0,-1.0870337838E+6,-1.9327460676E+1,-2.6742926367E+0,-1.4830726517E+6,-2.6369031748E+1
7.4678000000E+2,-1.9802881938E+0,-1.0869829646E+6,-1.9326557111E+1,-2.6741610957E+0,-1.4829997171E+6,-2.6367734971E+1
7.4685000000E+2,-1.9801953973E+0,-1.0869321526E+6,-1.9325653673E+1,-2.6740295731E+0,-1.4829267928E+6,-2.6366438376E+1
7.4692000000E+2,-1.9801026138E+0,-1.0868813477E+6,-1.9324750362E+1,-2.6738980691E+0,-1.4828538787E+6,-2.6365141963E+1
7.4699000000E+2,-1.9800098433E+0,-1.0868305499E+6,-1.9323847177E+1,-2.6737665835E+0,-1.4827809748E+6,-2.6363845732E+1
7.4706000000E+2,-1.9799170859E+0,-1.0867797592E+6,-1.9322944119E+1,-2.6736351165E+0,-1.4827080812E+6,-2.6362549683E+1
7.4713000000E+2,-1.9798243415E+0,-1.0867289757E+6,-1.9322041187E+1,-2.6735036679E+0,-1.4826351978E+6,-2.6361253817E+1
7.4720000000E+2,-1.9797316101E+0,-1.0866781992E+6,-1.9321138383E+1,-2.6733722378E+0,-1.4825623247E+6,-2.6359958132E+1
7.4727000000E+2,-1.9796388918E+0,-1.0866274299E+6,-1.9320235704E+1,-2.6732408261E+0,-1.4824894618E+6,-2.6358662630E+1
7.4734000000E+2,-1.9795461865E+0,-1.0865766678E+6,-1.9319333153E+1,-2.6731094329E+0,-1.4824166091E+6,-2.6357367310E+1
7.4741000000E+2,-1.9794534942E+0,-1.0865259127E+6,-1.9318430728E+1,-2.6729780582E+0,-1.4823437666E+6,-2.6356072171E+1
7.4748000000E+2,-1.9793608149E+0,-1.0864751648E+6,-1.9317528429E+1,-2.6728467020E+0,-1.4822709344E+6,-2.6354777214E+1
7.4755000000E+2,-1.9792681487E+0,-1.0864244239E+6,-1.9316626257E+1,-2.6727153641E+0,-1.4821981125E+6,-2.6353482440E+1
7.4762000000E+2,-1.9791754954E+0,-1.0863736902E+6,-1.9315724212E+1,-2.6725840448E+0,-1.4821253007E+6,-2.6352187846E+1
7.4769000000E+2,-1.9790828552E+0,-1.0863229636E+6,-1.9314822293E+1,-2.6724527439E+0,-1.4820524992E+6,-2.6350893435E+1
7.4776000000E+2,-1.9789902280E+0,-1.0862722441E+6,-1.9313920500E+1,-2.6723214614E+0,-1.4819797079E+6,-2.6349599206E+1
7.4783000000E+2,-1.9788976138E+0,-1.0862215317E+6,-1.9313018834E+1,-2.6721901973E+0,-1.4819069268E+6,-2.6348305158E+1
7.4790000000E+2,-1.9788050126E+0,-1.0861708264E+6,-1.9312117294E+1,-2.6720589517E+0,-1.4818341559E+6,-2.6347011292E+1
7.4797000000E+2,-1.9787124244E+0,-1.0861201282E+6,-1.9311215880E+1,-2.6719277245E+0,-1.4817613952E+6,-2.6345717607E+1
7.4804000000E+2,-1.9786198492E+0,-1.0860694372E+6,-1.9310314593E+1,-2.6717965158E+0,-1.4816886448E+6,-2.6344424104E+1
7.4811000000E+2,-1.9785272869E+0,-1.0860187532E+6,-1.9309413431E+1,-2.6716653254E+0,-1.4816159045E+6,-2.6343130782E+1
7.4818000000E+2,-1.9784347377E+0,-1.0859680763E+6,-1.9308512396E+1,-2.6715341535E+0,-1.4815431745E+6,-2.6341837642E+1
7.4825000000E+2,-1.9783422015E+0,-1.0859174065E+6,-1.9307611488E+1,-2.6714030000E+0,-1.4814704546E+6,-2.6340544683E+1
7.4832000000E+2,-1.9782496782E+0,-1.0858667438E+6,-1.9306710705E+1,-2.6712718649E+0,-1.4813977450E+6,-2.6339251906E+1
7.4839000000E+2,-1.9781571679E+0,-1.0858160882E+6,-1.9305810049E+1,-2.6711407481E+0,-1.4813250455E+6,-2.6337959310E+1
7.4846000000E+2,-1.9780646706E+0,-1.0857654397E+6,-1.9304909518E+1,-2.6710096498E+0,-1.4812523563E+6,-2.6336666895E+1
7.4853000000E+2,-1.9779721863E+0,-1.0857147983E+6,-1.9304009114E+1,-2.6708785699E+0,-1.4811796772E+6,-2.6335374661E+1
7.4860000000E+2,-1.9778797149E+0,-1.0856641640E+6,-1.9303108836E+1,-2.6707475084E+0,-1.4811070084E+6,-2.6334082609E+1
7.4867000000E+2,-1.9777872565E+0,-1.0856135368E+6,-1.9302208684E+1,-2.6706164652E+0,-1.4810343497E+6,-2.6332790738E+1
7.4874000000E+2,-1.9776948111E+0,-1.0855629166E+6,-1.9301308658E+1,-2.6704854404E+0,-1.4809617012E+6,-2.6331499048E+1
7.4881000000E+2,-1.9776023786E+0,-1.0855123036E+6,-1.9300408758E+1,-2.6703544340E+0,-1.4808890629E+6,-2.6330207539E+1
7.4888000000E+2,-1.9775099591E+0,-1.0854616976E+6,-1.9299508983E+1,-2.6702234460E+0,-1.4808164348E+6,-2.6328916211E+1
7.4895000000E+2,-1.9774175526E+0,-1.0854110987E+6,-1.9298609335E+1,-2.6700924763E+0,-1.4807438169E+6,-2.6327625064E+1
7.4902000000E+2,-1.9773251590E+0,-1.0853605069E+6,-1.9297709812E+1,-2.6699615250E+0,-1.4806712091E+6,-2.6326334098E+1
7.4909000000E+2,-1.9772327783E+0,-1.0853099221E+6,-1.9296810416E+1,-2.6698305921E+0,-1.4805986115E+6,-2.6325043313E+1
7.4916000000E+2,-1.9771404106E+0,-1.0852593445E+6,-1.9295911145E+1,-2.6696996775E+0,-1.4805260241E+6,-2.6323752709E+1
7.4923000000E+2,-1.9770480559E+0,-1.0852087739E+6,-1.9295012000E+1,-2.6695687812E+0,-1.4804534469E+6,-2.6322462286E+1
7.4930000000E+2,-1.9769557140E+0,-1.0851582104E+6,-1.9294112981E+1,-2.6694379033E+0,-1.4803808798E+6,-2.6321172043E+1
7.4937000000E+2,-1.9768633852E+0,-1.0851076539E+6,-1.9293214087E+1,-2.6693070438E+0,-1.4803083229E+6,-2.6319881981E+1
7.4944000000E+2,-1.9767710692E+0,-1.0850571046E+6,-1.9292315319E+1,-2.6691762025E+0,-1.4802357761E+6,-2.6318592100E+1
7.4951000000E+2,-1.9766787662E+0,-1.0850065623E+6,-1.9291416677E+1,-2.6690453796E+0,-1.4801632396E+6,-2.6317302399E+1
7.4958000000E+2,-1.9765864761E+0,-1.0849560270E+6,-1.9290518160E+1,-2.6689145751E+0,-1.4800907131E+6,-2.6316012879E+1
7.4965000000E+2,-1.9764941990E+0,-1.0849054988E+6,-1.9289619769E+1,-2.6687837888E+0,-1.4800181969E+6,-2.6314723540E+1
7.4972000000E+2,-1.9764019347E+0,-1.0848549777E+6,-1.9288721504E+1,-2.6686530209E+0,-1.4799456907E+6,-2.6313434381E+1
7.4979000000E+2,-1.9763096834E+0,-1.0848044637E+6,-1.9287823364E+1,-2.6685222713E+0,-1.4798731948E+6,-2.6312145403E+1
7.4986000000E+2,-1.9762174450E+0,-1.0847539567E+6,-1.9286925350E+1,-2.6683915400E+0,-1.4798007089E+6,-2.6310856605E+1
7.4993000000E+2,-1.9761252195E+0,-1.0847034568E+6,-1.9286027461E+1,-2.6682608270E+0,-1.4797282333E+6,-2.6309567988E+1
7.5000000000E+2,-1.9760330070E+0,-1.0846529639E+6,-1.9285129698E+1,-2.6681301323E+0,-1.4796557677E+6,-2.6308279551E+1
